Channel Number,Receive Frequency,Transmit Frequency,Offset Frequency,Offset Direction,Operating Mode,Name,Show Name,Tone Mode,CTCSS,DCS,User CTCSS,Tx Power,Skip,Step,Clock Shift,Comment
1,162.55,162.55, ,Simplex,FM,WX1PA7,Large,None,88.5 Hz,23,300 Hz,Low,Skip,5 kHz,Off,NOAA Weather
2,162.4,162.4, ,Simplex,FM,WX2PA1,Large,None,88.5 Hz,23,300 Hz,Low,Skip,5 kHz,Off,NOAA Weather
3,162.475,162.475, ,Simplex,FM,WX3PA4,Large,None,88.5 Hz,23,300 Hz,Low,Skip,5 kHz,Off,NOAA Weather
4,162.425,162.425, ,Simplex,FM,WX4PA2,Large,None,88.5 Hz,23,300 Hz,Low,Skip,5 kHz,Off,NOAA Weather
5,162.45,162.45, ,Simplex,FM,WX5PA3,Large,None,88.5 Hz,23,300 Hz,Low,Skip,5 kHz,Off,NOAA Weather
6,162.5,162.5, ,Simplex,FM,WX6PA5,Large,None,88.5 Hz,23,300 Hz,Low,Skip,5 kHz,Off,NOAA Weather
7,162.525,162.525, ,Simplex,FM,WX7PA6,Large,None,88.5 Hz,23,300 Hz,Low,Skip,5 kHz,Off,NOAA Weather
8,161.65,161.65, ,Simplex,FM,WX8,Large,None,88.5 Hz,23,300 Hz,Low,Skip,5 kHz,Off,NOAA Weather
9,161.775,161.775, ,Simplex,FM,WX9,Large,None,88.5 Hz,23,300 Hz,Low,Skip,5 kHz,Off,NOAA Weather
10,163.275,163.275, ,Simplex,FM,WX10,Large,None,88.5 Hz,23,300 Hz,Low,Skip,5 kHz,Off,NOAA Weather
12,144.39,144.39, ,Simplex,FM,APRSraw,Large,None,100.0 Hz,23,300 Hz,High,Skip,5 kHz,Off,APRS - Troubleshooting the Channel
13,144.39,144.39, ,Simplex,FM,APRSops,Large,Tone,100.0 Hz,23,300 Hz,High,Skip,5 kHz,Off,APRS - Normal Ops with Voice Alert
14,144.39,144.39, ,Simplex,FM,APRSmute,Large,DCS,100.0 Hz,754,300 Hz,High,Skip,5 kHz,Off,APRS - Silent and SELCALL XXX
15,144.39,144.99,600 kHz,Plus,FM,APRSinpt,Large,None,100.0 Hz,23,300 Hz,High,Skip,5 kHz,Off,APRS - Event Ops into 144.99 digi
16,144.39,143.79,600 kHz,Minus,FM,APRSdigi,Large,None,100.0 Hz,23,300 Hz,High,Skip,5 kHz,Off,APRS - Temporary Event WIDE1-1 digi
18,145.51,145.51, ,Simplex,FM,D-145510,Large,None,100.0 Hz,23,300 Hz,High,Off,5 kHz,Off,Digital Simplex (C4FM)
19,145.5625,145.5625, ,Simplex,FM,D-C4CALL,Large,None,100.0 Hz,23,300 Hz,High,Off,5 kHz,Off,Digital Simplex C4FM Calling Freq. (Yaesu Suggested)
20,145.79,145.79, ,Simplex,FM,D-145790,Large,None,100.0 Hz,23,300 Hz,High,Off,5 kHz,Off,Digital Simplex (C4FM)
21,433.45,433.45, ,Simplex,FM,D-433450,Large,None,100.0 Hz,23,300 Hz,High,Off,5 kHz,Off,Digital Simplex (C4FM)
22,441,441, ,Simplex,FM,D-441000,Large,None,100.0 Hz,23,300 Hz,High,Off,5 kHz,Off,Digital Simplex (C4FM)
23,446.075,446.075, ,Simplex,FM,D-446075,Large,None,100.0 Hz,23,300 Hz,High,Off,5 kHz,Off,Digital Simplex (C4FM)
24,446.5,446.5, ,Simplex,FM,D-446500,Large,None,100.0 Hz,23,300 Hz,High,Off,5 kHz,Off,Digital Simplex (C4FM)
26,144.2,144.2, ,Simplex,FM,2M-NAT,Large,None,100.0 Hz,23,1500 Hz,High,Off,5 kHz,Off,VHF National Calling Frequency
27,146.4,146.4, ,Simplex,FM,2M-6400,Large,None,100.0 Hz,23,300 Hz,High,Off,5 kHz,Off,VHF Simplex
28,146.405,146.405, ,Simplex,FM,2M-6405,Large,None,100.0 Hz,23,300 Hz,High,Off,5 kHz,Off,VHF Simplex
29,146.41,146.41, ,Simplex,FM,2M-6410,Large,None,100.0 Hz,23,300 Hz,High,Off,5 kHz,Off,VHF Simplex
30,146.415,146.415, ,Simplex,FM,2M-6415,Large,None,100.0 Hz,23,300 Hz,High,Off,5 kHz,Off,VHF Simplex
31,146.42,146.42, ,Simplex,FM,2M-6420,Large,None,100.0 Hz,23,300 Hz,High,Off,5 kHz,Off,VHF Simplex
32,146.425,146.425, ,Simplex,FM,2M-6425,Large,None,100.0 Hz,23,300 Hz,High,Off,5 kHz,Off,VHF Simplex
33,146.43,146.43, ,Simplex,FM,2M-6430,Large,None,100.0 Hz,23,300 Hz,High,Off,5 kHz,Off,VHF Simplex
34,146.435,146.435, ,Simplex,FM,2M-6435,Large,None,100.0 Hz,23,300 Hz,High,Off,5 kHz,Off,VHF Simplex
35,146.44,146.44, ,Simplex,FM,2M-6440,Large,None,100.0 Hz,23,300 Hz,High,Off,5 kHz,Off,VHF Simplex
36,146.445,146.445, ,Simplex,FM,2M-6445,Large,None,100.0 Hz,23,300 Hz,High,Off,5 kHz,Off,VHF Simplex
37,146.45,146.45, ,Simplex,FM,2M-6450,Large,None,100.0 Hz,23,300 Hz,High,Off,5 kHz,Off,VHF Simplex
38,146.455,146.455, ,Simplex,FM,2M-6455,Large,None,100.0 Hz,23,300 Hz,High,Off,5 kHz,Off,VHF Simplex
39,146.46,146.46, ,Simplex,FM,2M-6460,Large,None,100.0 Hz,23,300 Hz,High,Off,5 kHz,Off,VHF Simplex
40,146.465,146.465, ,Simplex,FM,2M-6465,Large,None,100.0 Hz,23,300 Hz,High,Off,5 kHz,Off,VHF Simplex
41,146.47,146.47, ,Simplex,FM,2M-6470,Large,None,100.0 Hz,23,300 Hz,High,Off,5 kHz,Off,VHF Simplex
42,146.475,146.475, ,Simplex,FM,2M-6475,Large,None,100.0 Hz,23,300 Hz,High,Off,5 kHz,Off,VHF Simplex
43,146.48,146.48, ,Simplex,FM,2M-6480,Large,None,100.0 Hz,23,300 Hz,High,Off,5 kHz,Off,VHF Simplex
44,146.485,146.485, ,Simplex,FM,2M-6485,Large,None,100.0 Hz,23,300 Hz,High,Off,5 kHz,Off,VHF Simplex
45,146.49,146.49, ,Simplex,FM,2M-6490,Large,None,100.0 Hz,23,300 Hz,High,Off,5 kHz,Off,VHF Simplex
46,146.495,146.495, ,Simplex,FM,2M-6495,Large,None,100.0 Hz,23,300 Hz,High,Off,5 kHz,Off,VHF Simplex
47,146.5,146.5, ,Simplex,FM,2M-6500,Large,None,100.0 Hz,23,300 Hz,High,Off,5 kHz,Off,VHF Simplex
48,146.505,146.505, ,Simplex,FM,2M-6505,Large,None,100.0 Hz,23,300 Hz,High,Off,5 kHz,Off,VHF Simplex
49,146.51,146.51, ,Simplex,FM,2M-6510,Large,None,100.0 Hz,23,300 Hz,High,Off,5 kHz,Off,VHF Simplex
50,146.515,146.515, ,Simplex,FM,2M-6515,Large,None,100.0 Hz,23,300 Hz,High,Off,5 kHz,Off,VHF Simplex
51,146.52,146.52, ,Simplex,FM,2M-CALL,Large,None,100.0 Hz,23,300 Hz,High,Off,5 kHz,Off,VHF Simplex National Calling Frequency
52,146.525,146.525, ,Simplex,FM,2M-6525,Large,None,100.0 Hz,23,300 Hz,High,Off,5 kHz,Off,VHF Simplex
53,146.53,146.53, ,Simplex,FM,2M-6530,Large,None,100.0 Hz,23,300 Hz,High,Off,5 kHz,Off,VHF Simplex
54,146.535,146.535, ,Simplex,FM,2M-6535,Large,None,100.0 Hz,23,300 Hz,High,Off,5 kHz,Off,VHF Simplex
55,146.54,146.54, ,Simplex,FM,2M-6540,Large,None,100.0 Hz,23,300 Hz,High,Off,5 kHz,Off,VHF Simplex
56,146.545,146.545, ,Simplex,FM,2M-6545,Large,None,100.0 Hz,23,300 Hz,High,Off,5 kHz,Off,VHF Simplex
57,146.55,146.55, ,Simplex,FM,2M-6550,Large,None,100.0 Hz,23,300 Hz,High,Off,5 kHz,Off,VHF Simplex
58,146.555,146.555, ,Simplex,FM,2M-6555,Large,None,100.0 Hz,23,300 Hz,High,Off,5 kHz,Off,VHF Simplex
59,146.56,146.56, ,Simplex,FM,2M-6560,Large,None,100.0 Hz,23,300 Hz,High,Off,5 kHz,Off,VHF Simplex
60,146.565,146.565, ,Simplex,FM,2M-6565,Large,None,100.0 Hz,23,300 Hz,High,Off,5 kHz,Off,VHF Simplex
61,146.57,146.57, ,Simplex,FM,2M-6570,Large,None,100.0 Hz,23,300 Hz,High,Off,5 kHz,Off,VHF Simplex
62,146.575,146.575, ,Simplex,FM,2M-6575,Large,None,100.0 Hz,23,300 Hz,High,Off,5 kHz,Off,VHF Simplex
63,146.58,146.58, ,Simplex,FM,2M-6580,Large,None,100.0 Hz,23,300 Hz,High,Off,5 kHz,Off,VHF Simplex
64,147.42,147.42, ,Simplex,FM,2M-7420,Large,None,100.0 Hz,23,300 Hz,High,Off,5 kHz,Off,VHF Simplex
65,147.425,147.425, ,Simplex,FM,2M-7425,Large,None,100.0 Hz,23,300 Hz,High,Off,5 kHz,Off,VHF Simplex
66,147.43,147.43, ,Simplex,FM,2M-7430,Large,None,100.0 Hz,23,300 Hz,High,Off,5 kHz,Off,VHF Simplex
67,147.435,147.435, ,Simplex,FM,2M-7435,Large,None,100.0 Hz,23,300 Hz,High,Off,5 kHz,Off,VHF Simplex
68,147.44,147.44, ,Simplex,FM,2M-7440,Large,None,100.0 Hz,23,300 Hz,High,Off,5 kHz,Off,VHF Simplex
69,147.445,147.445, ,Simplex,FM,2M-7445,Large,None,100.0 Hz,23,300 Hz,High,Off,5 kHz,Off,VHF Simplex
70,147.45,147.45, ,Simplex,FM,2M-7450,Large,None,100.0 Hz,23,300 Hz,High,Off,5 kHz,Off,VHF Simplex
71,147.455,147.455, ,Simplex,FM,2M-7455,Large,None,100.0 Hz,23,300 Hz,High,Off,5 kHz,Off,VHF Simplex
72,147.46,147.46, ,Simplex,FM,2M-7460,Large,None,100.0 Hz,23,300 Hz,High,Off,5 kHz,Off,VHF Simplex
73,147.465,147.465, ,Simplex,FM,2M-7465,Large,None,100.0 Hz,23,300 Hz,High,Off,5 kHz,Off,VHF Simplex
74,147.47,147.47, ,Simplex,FM,2M-7470,Large,None,100.0 Hz,23,300 Hz,High,Off,5 kHz,Off,VHF Simplex
75,147.475,147.475, ,Simplex,FM,2M-7475,Large,None,100.0 Hz,23,300 Hz,High,Off,5 kHz,Off,VHF Simplex
76,147.48,147.48, ,Simplex,FM,2M-7480,Large,None,100.0 Hz,23,300 Hz,High,Off,5 kHz,Off,VHF Simplex
77,147.485,147.485, ,Simplex,FM,2M-7485,Large,None,100.0 Hz,23,300 Hz,High,Off,5 kHz,Off,VHF Simplex
78,147.49,147.49, ,Simplex,FM,2M-7490,Large,None,100.0 Hz,23,300 Hz,High,Off,5 kHz,Off,VHF Simplex
79,147.495,147.495, ,Simplex,FM,2M-7495,Large,None,100.0 Hz,23,300 Hz,High,Off,5 kHz,Off,VHF Simplex
80,147.5,147.5, ,Simplex,FM,2M-7500,Large,None,100.0 Hz,23,300 Hz,High,Off,5 kHz,Off,VHF Simplex
81,147.505,147.505, ,Simplex,FM,2M-7505,Large,None,100.0 Hz,23,300 Hz,High,Off,5 kHz,Off,VHF Simplex
82,147.51,147.51, ,Simplex,FM,2M-7510,Large,None,100.0 Hz,23,300 Hz,High,Off,5 kHz,Off,VHF Simplex
83,147.515,147.515, ,Simplex,FM,2M-7515,Large,None,100.0 Hz,23,300 Hz,High,Off,5 kHz,Off,VHF Simplex
84,147.52,147.52, ,Simplex,FM,2M-7520,Large,None,100.0 Hz,23,300 Hz,High,Off,5 kHz,Off,VHF Simplex
85,147.525,147.525, ,Simplex,FM,2M-7525,Large,None,100.0 Hz,23,300 Hz,High,Off,5 kHz,Off,VHF Simplex
86,147.53,147.53, ,Simplex,FM,2M-7530,Large,None,100.0 Hz,23,300 Hz,High,Off,5 kHz,Off,VHF Simplex
87,147.535,147.535, ,Simplex,FM,2M-7535,Large,None,100.0 Hz,23,300 Hz,High,Off,5 kHz,Off,VHF Simplex
88,147.54,147.54, ,Simplex,FM,2M-7540,Large,None,100.0 Hz,23,300 Hz,High,Off,5 kHz,Off,VHF Simplex
89,147.545,147.545, ,Simplex,FM,2M-7545,Large,None,100.0 Hz,23,300 Hz,High,Off,5 kHz,Off,VHF Simplex
90,147.55,147.55, ,Simplex,FM,2M-7550,Large,None,100.0 Hz,23,300 Hz,High,Off,5 kHz,Off,VHF Simplex
91,147.555,147.555, ,Simplex,FM,2M-7555,Large,None,100.0 Hz,23,300 Hz,High,Off,5 kHz,Off,VHF Simplex
92,147.56,147.56, ,Simplex,FM,2M-7560,Large,None,100.0 Hz,23,300 Hz,High,Off,5 kHz,Off,VHF Simplex
93,147.565,147.565, ,Simplex,FM,2M-7565,Large,None,100.0 Hz,23,300 Hz,High,Off,5 kHz,Off,VHF Simplex
94,147.57,147.57, ,Simplex,FM,2M-7570,Large,None,100.0 Hz,23,300 Hz,High,Off,5 kHz,Off,VHF Simplex
96,432.1,432.1, ,Simplex,FM,UHF-CALL,Large,None,100.0 Hz,23,1500 Hz,High,Off,5 kHz,Off,UHF Calling Frequency
97,446,446, ,Simplex,FM,UHF-6000,Large,None,100.0 Hz,23,300 Hz,High,Off,5 kHz,Off,UHF Simplex
99,145.785,145.785, ,Simplex,FM,CFARCspx,Large,None,100.0 Hz,23,300 Hz,High,Select,5 kHz,Off,CFARC VHF SIMPLEX EVENT FREQUENCY
101,462.5625,462.5625, ,Simplex,FM Narrow,FRS 01,Small,None,67.0 Hz,23,300 Hz,Low,Off,12.5 kHz,Off,2 W Max power
102,462.5875,462.5875, ,Simplex,FM Narrow,FRS 02,Small,None,67.0 Hz,23,300 Hz,Low,Off,12.5 kHz,Off,2 W Max power
103,462.6125,462.6125, ,Simplex,FM Narrow,FRS 03,Small,None,67.0 Hz,23,300 Hz,Low,Off,12.5 kHz,Off,2 W Max power
104,462.6375,462.6375, ,Simplex,FM Narrow,FRS 04,Small,None,67.0 Hz,23,300 Hz,Low,Off,12.5 kHz,Off,2 W Max power
105,462.6625,462.6625, ,Simplex,FM Narrow,FRS 05,Small,None,67.0 Hz,23,300 Hz,Low,Off,12.5 kHz,Off,2 W Max power
106,462.6875,462.6875, ,Simplex,FM Narrow,FRS 06,Small,None,67.0 Hz,23,300 Hz,Low,Off,12.5 kHz,Off,2 W Max power
107,462.7125,462.7125, ,Simplex,FM Narrow,FRS 07,Small,None,67.0 Hz,23,300 Hz,Low,Off,12.5 kHz,Off,2 W Max power
108,467.5625,467.5625, ,Simplex,FM Narrow,FRS 08,Small,None,67.0 Hz,23,300 Hz,Low,Off,12.5 kHz,Off,0.5 W Max power
109,467.5875,467.5875, ,Simplex,FM Narrow,FRS 09,Small,None,67.0 Hz,23,300 Hz,Low,Off,12.5 kHz,Off,0.5 W Max power
110,467.6125,467.6125, ,Simplex,FM Narrow,FRS 10,Small,None,67.0 Hz,23,300 Hz,Low,Off,12.5 kHz,Off,0.5 W Max power
111,467.6375,467.6375, ,Simplex,FM Narrow,FRS 11,Small,None,67.0 Hz,23,300 Hz,Low,Off,12.5 kHz,Off,0.5 W Max power
112,467.6625,467.6625, ,Simplex,FM Narrow,FRS 12,Small,None,67.0 Hz,23,300 Hz,Low,Off,12.5 kHz,Off,0.5 W Max power
113,467.6875,467.6875, ,Simplex,FM Narrow,FRS 13,Small,None,67.0 Hz,23,300 Hz,Low,Off,12.5 kHz,Off,0.5 W Max power
114,467.7125,467.7125, ,Simplex,FM Narrow,FRS 14,Small,None,67.0 Hz,23,300 Hz,Low,Off,12.5 kHz,Off,0.5 W Max power
115,462.55,462.55, ,Simplex,FM Narrow,FRS 15,Small,None,67.0 Hz,23,300 Hz,Low,Off,12.5 kHz,Off,2 W Max power
116,462.575,462.575, ,Simplex,FM Narrow,FRS 16,Small,None,67.0 Hz,23,300 Hz,Low,Off,12.5 kHz,Off,2 W Max power
117,462.6,462.6, ,Simplex,FM Narrow,FRS 17,Small,None,67.0 Hz,23,300 Hz,Low,Off,12.5 kHz,Off,2 W Max power
118,462.625,462.625, ,Simplex,FM Narrow,FRS 18,Small,None,67.0 Hz,23,300 Hz,Low,Off,12.5 kHz,Off,2 W Max power
119,462.65,462.65, ,Simplex,FM Narrow,FRS 19,Small,None,67.0 Hz,23,300 Hz,Low,Off,12.5 kHz,Off,2 W Max power
120,462.675,462.675, ,Simplex,FM Narrow,FRS 20,Small,None,67.0 Hz,23,300 Hz,Low,Off,12.5 kHz,Off,2 W Max power
121,462.7,462.7, ,Simplex,FM Narrow,FRS 21,Small,None,67.0 Hz,23,300 Hz,Low,Off,12.5 kHz,Off,2 W Max power
122,462.725,462.725, ,Simplex,FM Narrow,FRS 22,Small,None,67.0 Hz,23,300 Hz,Low,Off,12.5 kHz,Off,2 W Max power
124,462.5625,462.5625, ,Simplex,FM,GMRS 01,Small,None,67.0 Hz,23,300 Hz,High,Off,25 kHz,Off,5 W Max power
125,462.5875,462.5875, ,Simplex,FM,GMRS 02,Small,None,67.0 Hz,23,300 Hz,High,Off,25 kHz,Off,5 W Max power
126,462.6125,462.6125, ,Simplex,FM,GMRS 03,Small,None,67.0 Hz,23,300 Hz,High,Off,25 kHz,Off,5 W Max power
127,462.6375,462.6375, ,Simplex,FM,GMRS 04,Small,None,67.0 Hz,23,300 Hz,High,Off,25 kHz,Off,5 W Max power
128,462.6625,462.6625, ,Simplex,FM,GMRS 05,Small,None,67.0 Hz,23,300 Hz,High,Off,25 kHz,Off,5 W Max power
129,462.6875,462.6875, ,Simplex,FM,GMRS 06,Small,None,67.0 Hz,23,300 Hz,High,Off,25 kHz,Off,5 W Max power
130,462.7125,462.7125, ,Simplex,FM,GMRS 07,Small,None,67.0 Hz,23,300 Hz,High,Off,25 kHz,Off,5 W Max power
131,467.5625,467.5625, ,Simplex,FM Narrow,GMRS 08,Small,None,67.0 Hz,23,300 Hz,Low,Off,25 kHz,Off,0.5 W Max power
132,467.5875,467.5875, ,Simplex,FM Narrow,GMRS 09,Small,None,67.0 Hz,23,300 Hz,Low,Off,25 kHz,Off,0.5 W Max power
133,467.6125,467.6125, ,Simplex,FM Narrow,GMRS 10,Small,None,67.0 Hz,23,300 Hz,Low,Off,25 kHz,Off,0.5 W Max power
134,467.6375,467.6375, ,Simplex,FM Narrow,GMRS 11,Small,None,67.0 Hz,23,300 Hz,Low,Off,25 kHz,Off,0.5 W Max power
135,467.6625,467.6625, ,Simplex,FM Narrow,GMRS 12,Small,None,67.0 Hz,23,300 Hz,Low,Off,25 kHz,Off,0.5 W Max power
136,467.6875,467.6875, ,Simplex,FM Narrow,GMRS 13,Small,None,67.0 Hz,23,300 Hz,Low,Off,25 kHz,Off,0.5 W Max power
137,467.7125,467.7125, ,Simplex,FM Narrow,GMRS 14,Small,None,67.0 Hz,23,300 Hz,Low,Off,25 kHz,Off,0.5 W Max power
138,462.55,462.55, ,Simplex,FM,GMRS 15,Small,None,67.0 Hz,23,300 Hz,High,Off,25 kHz,Off,
139,462.55,467.55,5.00 MHz,Plus,FM,GMRS 15R,Small,None,67.0 Hz,23,300 Hz,High,Off,25 kHz,Off,GMRS Repeater
140,462.575,462.575, ,Simplex,FM,GMRS 16,Small,None,67.0 Hz,23,300 Hz,High,Off,25 kHz,Off,
141,462.575,467.575,5.00 MHz,Plus,FM,GMRS 16R,Small,None,67.0 Hz,23,300 Hz,High,Off,25 kHz,Off,GMRS Repeater
142,462.6,462.6, ,Simplex,FM,GMRS 17,Small,None,67.0 Hz,23,300 Hz,High,Off,25 kHz,Off,
143,462.6,467.6,5.00 MHz,Plus,FM,GMRS 17R,Small,None,67.0 Hz,23,300 Hz,High,Off,25 kHz,Off,GMRS Repeater
144,462.625,462.625, ,Simplex,FM,GMRS 18,Small,None,67.0 Hz,23,300 Hz,High,Off,25 kHz,Off,
145,462.625,467.625,5.00 MHz,Plus,FM,GMRS 18R,Small,None,67.0 Hz,23,300 Hz,High,Off,25 kHz,Off,GMRS Repeater
146,462.65,462.65, ,Simplex,FM,GMRS 19,Small,None,67.0 Hz,23,300 Hz,High,Off,25 kHz,Off,
147,462.65,467.65,5.00 MHz,Plus,FM,GMRS 19R,Small,None,67.0 Hz,23,300 Hz,High,Off,25 kHz,Off,GMRS Repeater
148,462.675,462.675, ,Simplex,FM,GMRS 20,Small,None,67.0 Hz,23,300 Hz,High,Off,25 kHz,Off,
149,462.675,467.675,5.00 MHz,Plus,FM,GMRS 20R,Small,None,67.0 Hz,23,300 Hz,High,Off,25 kHz,Off,GMRS Repeater
150,462.7,462.7, ,Simplex,FM,GMRS 21,Small,None,67.0 Hz,23,300 Hz,High,Off,25 kHz,Off,
151,462.7,467.7,5.00 MHz,Plus,FM,GMRS 21R,Small,None,67.0 Hz,23,300 Hz,High,Off,25 kHz,Off,GMRS Repeater
152,462.725,462.725, ,Simplex,FM,GMRS 22,Small,None,67.0 Hz,23,300 Hz,High,Off,25 kHz,Off,
153,462.725,467.725,5.00 MHz,Plus,FM,GMRS 22R,Small,None,67.0 Hz,23,300 Hz,High,Off,25 kHz,Off,GMRS Repeater
155,151.82,151.82, ,Simplex,FM Narrow,MURS01,Small,None,67.0 Hz,23,300 Hz,Low,Off,Auto,Off,2 W Max power
156,151.88,151.88, ,Simplex,FM Narrow,MURS02,Small,None,67.0 Hz,23,300 Hz,Low,Off,Auto,Off,2 W Max power
157,151.94,151.94, ,Simplex,FM Narrow,MURS03,Small,None,67.0 Hz,23,300 Hz,Low,Off,Auto,Off,2 W Max power
158,154.57,154.57, ,Simplex,FM,MURS04,Small,None,67.0 Hz,23,300 Hz,Low,Off,20 kHz,Off,2 W Max power
159,154.6,154.6, ,Simplex,FM,MURS05,Small,None,67.0 Hz,23,300 Hz,Low,Off,20 kHz,Off,2 W Max power
161,464.5,464.5, ,Simplex,FM Narrow,U-CH01,Small,None,67.0 Hz,23,300 Hz,High,Off,20 kHz,Off,Brown Dot  35 W Max power
162,464.55,464.55, ,Simplex,FM Narrow,U-CH02,Small,None,67.0 Hz,23,300 Hz,High,Off,20 kHz,Off,Yellow Dot  35 W Max power
163,467.7625,467.7625, ,Simplex,FM Narrow,U-CH03,Small,None,67.0 Hz,23,300 Hz,Low,Off,20 kHz,Off,J Dot  2 W Max power
164,467.8125,467.8125, ,Simplex,FM Narrow,U-CH04,Small,None,67.0 Hz,23,300 Hz,Low,Off,20 kHz,Off,K Dot  2 W Max power
165,467.85,467.85, ,Simplex,FM Narrow,U-CH05,Small,None,67.0 Hz,23,300 Hz,Low,Off,20 kHz,Off,Silver Star  2 W Max power
166,467.875,467.875, ,Simplex,FM Narrow,U-CH06,Small,None,67.0 Hz,23,300 Hz,Low,Off,20 kHz,Off,Gold Star  2 W Max power
167,467.9,467.9, ,Simplex,FM Narrow,U-CH07,Small,None,67.0 Hz,23,300 Hz,Low,Off,20 kHz,Off,Red Star  2 W Max power
168,467.925,467.925, ,Simplex,FM Narrow,U-CH08,Small,None,67.0 Hz,23,300 Hz,Low,Off,20 kHz,Off,Blue Star  2 W Max power
169,462.575,462.575, ,Simplex,FM Narrow,U-CH09,Small,None,67.0 Hz,23,300 Hz,High,Off,20 kHz,Off,White Dot / GMRS
170,462.625,462.625, ,Simplex,FM Narrow,U-CH10,Small,None,67.0 Hz,23,300 Hz,High,Off,20 kHz,Off,Black Dot / GMRS
171,462.675,462.675, ,Simplex,FM Narrow,U-CH11,Small,None,67.0 Hz,23,300 Hz,High,Off,20 kHz,Off,Orange Dot / GMRS
172,464.325,464.325, ,Simplex,FM Narrow,U-CH12,Small,None,67.0 Hz,23,300 Hz,High,Off,20 kHz,Off,5 W Max power
173,464.825,464.825, ,Simplex,FM Narrow,U-CH13,Small,None,67.0 Hz,23,300 Hz,High,Off,20 kHz,Off,5 W Max power
174,469.2625,469.2625, ,Simplex,FM Narrow,U-CH14,Small,None,67.0 Hz,23,300 Hz,High,Off,20 kHz,Off,5 W Max power
175,469.5,469.5, ,Simplex,FM Narrow,U-CH15,Small,None,67.0 Hz,23,300 Hz,High,Off,20 kHz,Off,35 W Max power
176,469.55,469.55, ,Simplex,FM Narrow,U-CH15,Small,None,67.0 Hz,23,300 Hz,High,Off,20 kHz,Off,35 W Max power
178,151.625,151.625, ,Simplex,FM Narrow,GY-BLIMP,Large,Tone,151.4 Hz,23,300 Hz,Low,Skip,Auto,Off,Goodyear Blimp
180,118.6,118.6, ,Simplex,AM,1G3 APP/,Large,None,100.0 Hz,23,300 Hz,Low,Skip,Auto,Off,KSU - ApproachDeparture
181,125.65,125.65, ,Simplex,AM,1G3 CD,Large,None,100.0 Hz,23,300 Hz,Low,Skip,Auto,Off,KSU - Clearance
182,122.725,122.725, ,Simplex,AM,1G3 UNIC,Large,None,100.0 Hz,23,300 Hz,Low,Skip,Auto,Off,KSU - Unicom
184,118.6,118.6, ,Simplex,AM,AKR APPR,Large,None,100.0 Hz,23,300 Hz,Low,Skip,Auto,Off,AKR - Approach
185,126.825,126.825, ,Simplex,AM,AKR ASOS,Large,None,100.0 Hz,23,300 Hz,Low,Skip,Auto,Off,AKR - ASOS
186,121.6,121.6, ,Simplex,AM,AKR CD,Large,None,100.0 Hz,23,300 Hz,Low,Skip,Auto,Off,AKR - Clearance
187,123.075,123.075, ,Simplex,AM,AKR UNIC,Large,None,100.0 Hz,23,300 Hz,Low,Skip,Auto,Off,AKR - Unicom
189,127.05,127.05, ,Simplex,AM,CAK A/D,Large,None,100.0 Hz,23,300 Hz,Low,Skip,Auto,Off,CAK - Approach/Departure Alternate
190,118.6,118.6, ,Simplex,AM,CAK APP,Large,None,100.0 Hz,23,300 Hz,Low,Skip,Auto,Off,CAK - Approach
191,126.4,126.4, ,Simplex,AM,CAK APP,Large,None,100.0 Hz,23,300 Hz,Low,Skip,Auto,Off,CAK - Final Approach Control
192,121.05,121.05, ,Simplex,AM,CAK ATIS,Large,None,100.0 Hz,23,300 Hz,Low,Skip,Auto,Off,CAK - ATIS
193,132.05,132.05, ,Simplex,AM,CAK CD,Large,None,100.0 Hz,23,300 Hz,Low,Skip,Auto,Off,CAK - Clearance
194,128.925,128.925, ,Simplex,AM,CAK DEIC,Large,None,100.0 Hz,23,300 Hz,Low,Skip,Auto,Off,CAK - DeIcing
195,122,122, ,Simplex,AM,CAK FLTW,Large,None,100.0 Hz,23,300 Hz,Low,Skip,Auto,Off,CAK - Flight Watch
196,453.225,458.225,5.00 MHz,Plus,FM Narrow,CAK GRND,Large,Tone,110.9 Hz,23,300 Hz,Low,Skip,Auto,Off,CAK - Ground Operations
197,348.6,348.6, ,Simplex,FM Narrow,CAK GROU,Large,None,100.0 Hz,23,300 Hz,Low,Skip,Auto,Off,CAK - Ground Control
198,121.7,121.7, ,Simplex,AM,CAK GROU,Large,None,100.0 Hz,23,300 Hz,Low,Skip,Auto,Off,CAK - Ground Control
199,279.575,279.575, ,Simplex,FM,CAK TOWE,Large,None,100.0 Hz,23,300 Hz,Low,Skip,Auto,Off,CAK - Tower
200,134.75,134.75, ,Simplex,AM,CAK TOWE,Large,None,100.0 Hz,23,300 Hz,Low,Skip,Auto,Off,CAK - Tower
201,122.95,122.95, ,Simplex,AM,CAK UNIC,Large,None,100.0 Hz,23,300 Hz,Low,Skip,Auto,Off,CAK - Unicom
203,118.15,118.15, ,Simplex,AM,CLE DEP,Large,None,88.5 Hz,23,300 Hz,Low,Skip,Auto,Off,CLE - Departure 057236 degrees
204,119.625,119.625, ,Simplex,AM,CLE APP,Large,None,88.5 Hz,23,300 Hz,Low,Skip,Auto,Off,CLE - Approach Runways 6L24R
205,120.9,120.9, ,Simplex,AM,CLE TWR,Large,None,88.5 Hz,23,300 Hz,Low,Skip,Auto,Off,CLE - Tower Runways 6L24R 1028
206,121.7,121.7, ,Simplex,AM,CLE GRND,Large,None,88.5 Hz,23,300 Hz,Low,Skip,Auto,Off,CLE - Ground Runways 6R24L 10
207,124,124, ,Simplex,AM,CLE APP,Large,None,88.5 Hz,23,300 Hz,Low,Skip,Auto,Off,CLE - Approach 6R24L 28
208,124.5,124.5, ,Simplex,AM,CLE TWR,Large,None,88.5 Hz,23,300 Hz,Low,Skip,Auto,Off,CLE - Tower Runways 6R24L
209,125.05,125.05, ,Simplex,AM,CLE CLRN,Large,None,88.5 Hz,23,300 Hz,Low,Skip,Auto,Off,CLE - Clearance Delivery
210,125.35,125.35, ,Simplex,AM,CLE BRAV,Large,None,88.5 Hz,23,300 Hz,Low,Skip,Auto,Off,CLE - Bravo 340200 degrees
211,125.85,125.85, ,Simplex,AM,CLE DEP,Large,None,88.5 Hz,23,300 Hz,Low,Skip,Auto,Off,CLE - Departure 237056 degrees
212,126.35,126.35, ,Simplex,AM,CLE BRAV,Large,None,88.5 Hz,23,300 Hz,Low,Skip,Auto,Off,CLE - Bravo 201339 degrees
213,126.55,126.55, ,Simplex,AM,CLE APP,Large,None,88.5 Hz,23,300 Hz,Low,Skip,Auto,Off,CLE - Approach 6L24R 10
214,127.85,127.85, ,Simplex,AM,CLE ATIS,Large,None,88.5 Hz,23,300 Hz,Low,Skip,Auto,Off,CLE - ATIS  Approach
215,128.25,128.25, ,Simplex,AM,CLE DEP,Large,None,88.5 Hz,23,300 Hz,Low,Skip,Auto,Off,CLE - Departure 237056 degrees
216,129.175,129.175, ,Simplex,AM,CLE RAMP,Large,None,88.5 Hz,23,300 Hz,Low,Skip,Auto,Off,CLE - Ramp Control Concourse C and Gates D2D14
217,129.475,129.475, ,Simplex,AM,CLE RAMP,Large,None,88.5 Hz,23,300 Hz,Low,Skip,Auto,Off,CLE - Ramp Control Gates D17 D21 D25 D28
218,129.525,129.525, ,Simplex,AM,AEROMAG,Large,None,88.5 Hz,23,300 Hz,Low,Skip,Auto,Off,CLE - Aeromag 2000 Deicing
219,129.925,129.925, ,Simplex,AM,CLE AIR,Large,None,88.5 Hz,23,300 Hz,Low,Skip,Auto,Off,CLE - Cleveland Air Operations
220,130.975,130.975, ,Simplex,AM,AEROMAG,Large,None,88.5 Hz,23,300 Hz,Low,Skip,Auto,Off,CLE - Aeromag 2000  Icemen to planes
221,131.2,131.2, ,Simplex,AM,EXPRESSJ,Large,None,88.5 Hz,23,300 Hz,Low,Skip,Auto,Off,CLE - ExpressJet Jet Link  Dispatch
222,131.425,131.425, ,Simplex,AM,AIR SERV,Large,None,88.5 Hz,23,300 Hz,Low,Skip,Auto,Off,CLE - Air Services of Cleveland
223,132.375,132.375, ,Simplex,AM,CLE ATIS,Large,None,88.5 Hz,23,300 Hz,Low,Skip,Auto,Off,CLE - ATIS  Departure
224,133.6,133.6, ,Simplex,AM,CLE GRND,Large,None,88.5 Hz,23,300 Hz,Low,Skip,Auto,Off,CLE - Ground Runways 6L24R 28
225,257.8,257.8, ,Simplex,FM,CLE TWR,Large,None,88.5 Hz,23,300 Hz,Low,Skip,Auto,Off,CLE - Tower UHF All Runways
226,460.65,460.65, ,Simplex,FM Narrow,AIR SVC,Large,Tone,151.4 Hz,23,300 Hz,Low,Skip,Auto,Off,CLE - Aircraft Service International Group Aircraft Fueling
227,460.675,465.675,5.00 MHz,Plus,FM Narrow,USAIR OP,Large,Tone,107.2 Hz,23,300 Hz,Low,Skip,Auto,Off,CLE - US Airways Inc
228,460.725,465.725,5.00 MHz,Plus,FM Narrow,UNTD/IND,Large,None,100.0 Hz,23,300 Hz,Low,Skip,Auto,Off,CLE - United  Independence Air Ops
229,460.775,465.775,5.00 MHz,Plus,FM Narrow,AA OPS,Large,Tone,114.8 Hz,23,300 Hz,Low,Skip,Auto,Off,CLE - American Airlines
230,460.825,465.825,5.00 MHz,Plus,FM Narrow,DELTA OP,Large,None,100.0 Hz,23,300 Hz,Low,Skip,Auto,Off,CLE - Delta Airlines
231,461.375,466.375,5.00 MHz,Plus,FM Narrow,ASIG EXP,Large,Tone,88.5 Hz,23,300 Hz,Low,Skip,Auto,Off,CLE - Asig Express
232,461.5,466.5,5.00 MHz,Plus,FM Narrow,SVCAIR L,Large,Tone,88.5 Hz,23,300 Hz,Low,Skip,Auto,Off,CLE - Service Air Co water  labs
233,461.9875,461.9875, ,Simplex,FM Narrow,AEROMAG,Large,Tone,88.5 Hz,23,300 Hz,Low,Skip,Auto,Off,CLE - Aeromag 2000  TAC 2
234,462.2,467.2,5.00 MHz,Plus,FM Narrow,ASIG JET,Large,Tone,88.5 Hz,23,300 Hz,Low,Skip,Auto,Off,CLE - Asig Jets
235,463.2875,463.2875, ,Simplex,FM Narrow,AEROMAG,Large,Tone,88.5 Hz,23,300 Hz,Low,Skip,Auto,Off,CLE - Aeromag 2000  TAC 1
236,463.55,468.55,5.00 MHz,Plus,FM Narrow,RENTBUS,Large,Tone,131.8 Hz,23,300 Hz,Low,Skip,Auto,Off,CLE - Rental Car Shuttle Buses
237,464.375,469.375,5.00 MHz,Plus,FM Narrow,AEROMAG,Large,Tone,88.5 Hz,23,300 Hz,Low,Skip,Auto,Off,CLE - Aeromag 2000  Icehouse operations repeater
238,464.4,469.4,5.00 MHz,Plus,FM Narrow,SVCAIR R,Large,Tone,88.5 Hz,23,300 Hz,Low,Skip,Auto,Off,CLE - Service Air Co ramps
239,464.525,464.525, ,Simplex,FM Narrow,PARKPL 2,Large,Tone,67.0 Hz,23,300 Hz,Low,Skip,Auto,Off,CLE - Park Place Parking
240,468.975,468.975, ,Simplex,FM Narrow,AEROMAG,Large,Tone,88.5 Hz,23,300 Hz,Low,Skip,Auto,Off,CLE - Aeromag 2000  Plows
241,469.3,469.3, ,Simplex,FM Narrow,FASTPARK,Large,Tone,88.5 Hz,23,300 Hz,Low,Skip,Auto,Off,CLE - FastPark Parking
242,469.525,469.525, ,Simplex,FM Narrow,PARKPL 1,Large,Tone,67.0 Hz,23,300 Hz,Low,Skip,Auto,Off,CLE - Park Place Parking
244,121.5,121.5, ,Simplex,AM,VHF Guar,Large,None,100.0 Hz,23,300 Hz,Low,Skip,100 kHz,Off,Aircraft Emergency and Distress VHF Guard
245,121.775,121.775, ,Simplex,AM,ELT Trai,Large,None,100.0 Hz,23,300 Hz,Low,Skip,25 kHz,Off,Emergency Locator Transmitter ELT Training Beacons
246,121.95,121.95, ,Simplex,AM,AvSup 12,Large,None,100.0 Hz,23,300 Hz,Low,Skip,25 kHz,Off,Aviation Support
247,122,122, ,Simplex,AM,FltWatch,Large,None,100.0 Hz,23,300 Hz,Low,Skip,25 kHz,Off,Flight Watch Weather
248,122.7,122.7, ,Simplex,AM,FAA 122.,Large,None,100.0 Hz,23,300 Hz,Low,Skip,25 kHz,Off,Unicom
249,122.725,122.725, ,Simplex,AM,FAA 122.,Large,None,100.0 Hz,23,300 Hz,Low,Skip,25 kHz,Off,Unicom
250,122.75,122.75, ,Simplex,AM,FixedAir,Large,None,100.0 Hz,23,300 Hz,Low,Skip,25 kHz,Off,Fixed Wing Aircraft Air to Air
251,122.775,122.775, ,Simplex,AM,AvSup122,Large,None,100.0 Hz,23,300 Hz,Low,Skip,25 kHz,Off,Aviation Support
252,122.8,122.8, ,Simplex,AM,FAA 122.,Large,None,100.0 Hz,23,300 Hz,Low,Skip,25 kHz,Off,Unicom
253,122.85,122.85, ,Simplex,AM,Multi 12,Large,None,100.0 Hz,23,300 Hz,Low,Skip,25 kHz,Off,Multicom Aviation Support
254,122.9,122.9, ,Simplex,AM,Multi 12,Large,None,100.0 Hz,23,300 Hz,Low,Skip,25 kHz,Off,Multicom Search and Rescue Training
255,122.9,122.9, ,Simplex,AM,FAA 122.,Large,None,100.0 Hz,23,300 Hz,Low,Skip,25 kHz,Off,Multicom
256,122.925,122.925, ,Simplex,AM,FAA 122.,Large,None,100.0 Hz,23,300 Hz,Low,Skip,25 kHz,Off,Multicom
257,122.925,122.925, ,Simplex,AM,Multi122,Large,None,100.0 Hz,23,300 Hz,Low,Skip,25 kHz,Off,Multicom  Special Use Natural resource management
258,122.95,122.95, ,Simplex,AM,Unicom12,Large,Tone,88.5 Hz,23,300 Hz,Low,Skip,25 kHz,Off,Unicom  Controlled Airports
259,122.975,122.975, ,Simplex,AM,FAA 122.,Large,None,100.0 Hz,23,300 Hz,Low,Skip,25 kHz,Off,Unicom
260,123,123, ,Simplex,AM,FAA 123.,Large,None,100.0 Hz,23,300 Hz,Low,Skip,25 kHz,Off,Unicom
261,123.025,123.025, ,Simplex,AM,Heli Air,Large,None,100.0 Hz,23,300 Hz,Low,Skip,25 kHz,Off,Helicopter Air to Air
262,123.05,123.05, ,Simplex,AM,FAA 123.,Large,None,100.0 Hz,23,300 Hz,Low,Skip,25 kHz,Off,Unicom
263,123.075,123.075, ,Simplex,AM,FAA 123.,Large,None,100.0 Hz,23,300 Hz,Low,Skip,25 kHz,Off,Unicom
264,123.1,123.1, ,Simplex,AM,SAR Prim,Large,None,100.0 Hz,23,300 Hz,Low,Skip,25 kHz,Off,Search and Rescue primary ATC for special events secondary
265,123.125,123.125, ,Simplex,AM,FltTst12,Large,None,100.0 Hz,23,300 Hz,Low,Skip,25 kHz,Off,Flight Test itinerant
266,123.15,123.15, ,Simplex,AM,FltTst12,Large,None,100.0 Hz,23,300 Hz,Low,Skip,25 kHz,Off,Flight Test itinerant
267,123.175,123.175, ,Simplex,AM,FltTst12,Large,None,100.0 Hz,23,300 Hz,Low,Skip,25 kHz,Off,Flight Test itinerant
268,123.2,123.2, ,Simplex,AM,FltTest1,Large,None,100.0 Hz,23,300 Hz,Low,Skip,25 kHz,Off,Flight Test
269,123.225,123.225, ,Simplex,AM,FltTst12,Large,None,100.0 Hz,23,300 Hz,Low,Skip,25 kHz,Off,Flight Test
270,123.25,123.25, ,Simplex,AM,FltTst12,Large,None,100.0 Hz,23,300 Hz,Low,Skip,25 kHz,Off,Flight Test
271,123.275,123.275, ,Simplex,AM,FltTst12,Large,None,100.0 Hz,23,300 Hz,Low,Skip,25 kHz,Off,Flight Test
272,123.3,123.3, ,Simplex,AM,AvSup 12,Large,None,100.0 Hz,23,300 Hz,Low,Skip,25 kHz,Off,Aviation Support
273,123.325,123.325, ,Simplex,AM,FltTst12,Large,None,100.0 Hz,23,300 Hz,Low,Skip,25 kHz,Off,Flight Test
274,123.35,123.35, ,Simplex,AM,FltTst12,Large,None,100.0 Hz,23,300 Hz,Low,Skip,25 kHz,Off,Flight Test
275,123.375,123.375, ,Simplex,AM,FltTst12,Large,None,100.0 Hz,23,300 Hz,Low,Skip,25 kHz,Off,Flight Test
276,123.4,123.4, ,Simplex,AM,FltTest1,Large,None,100.0 Hz,23,300 Hz,Low,Skip,25 kHz,Off,Flight Test itinerant
277,123.425,123.425, ,Simplex,AM,FltTst12,Large,None,100.0 Hz,23,300 Hz,Low,Skip,25 kHz,Off,Flight Test itinerant
278,123.45,123.45, ,Simplex,AM,FltTst12,Large,None,100.0 Hz,23,300 Hz,Low,Skip,25 kHz,Off,Flight Test Unofficial Air to Air
279,123.475,123.475, ,Simplex,AM,FltTst12,Large,None,100.0 Hz,23,300 Hz,Low,Skip,25 kHz,Off,Flight Test
280,123.5,123.5, ,Simplex,AM,AvSup 12,Large,None,100.0 Hz,23,300 Hz,Low,Skip,25 kHz,Off,Aviation Support
281,123.525,123.525, ,Simplex,AM,FltTst12,Large,None,100.0 Hz,23,300 Hz,Low,Skip,25 kHz,Off,Flight Test
282,123.55,123.55, ,Simplex,AM,FltTst12,Large,None,100.0 Hz,23,300 Hz,Low,Skip,25 kHz,Off,Flight Test
283,123.575,123.575, ,Simplex,AM,FltTst12,Large,None,100.0 Hz,23,300 Hz,Low,Skip,25 kHz,Off,Flight Test
284,126.2,126.2, ,Simplex,AM,MilCom 1,Large,None,100.0 Hz,23,300 Hz,Low,Skip,25 kHz,Off,Military Common advisory
285,129.525,129.525, ,Simplex,AM,DeicingC,Large,None,100.0 Hz,23,300 Hz,Low,Skip,25 kHz,Off,Deicing Common
286,134.1,134.1, ,Simplex,AM,MilCom 1,Large,None,100.0 Hz,23,300 Hz,Low,Skip,25 kHz,Off,Military Common advisory
287,135.85,135.85, ,Simplex,AM,FltIns13,Large,None,100.0 Hz,23,300 Hz,Low,Skip,25 kHz,Off,FAA Flight Inspection
288,135.95,135.95, ,Simplex,AM,FltIns13,Large,None,100.0 Hz,23,300 Hz,Low,Skip,25 kHz,Off,FAA Flight Inspection
290,160.65,156.05,4.60 MHz,Minus,FM,SEA 01,Large,None,100.0 Hz,23,300 Hz,Low,Skip,12.5 kHz,Off,VHF Marine - VTS (Duplex)
291,156.05,156.05, ,Simplex,FM,SEA 01A,Large,None,100.0 Hz,23,300 Hz,Low,Skip,12.5 kHz,Off,VHF Marine - Port Operations and Commercial. VTS. Available only in New Orleans
292,160.7,156.1,4.60 MHz,Minus,FM,SEA 02,Large,None,100.0 Hz,23,300 Hz,Low,Skip,12.5 kHz,Off,VHF Marine - Port Operations (Duplex)
293,160.75,156.15,4.60 MHz,Minus,FM,SEA 03,Large,None,100.0 Hz,23,300 Hz,Low,Skip,12.5 kHz,Off,VHF Marine - Port Operations (Duplex)
294,160.8,156.2,4.60 MHz,Minus,FM,SEA 04,Large,None,100.0 Hz,23,300 Hz,Low,Skip,12.5 kHz,Off,VHF Marine - Port Operations (Duplex)
295,160.85,156.25,4.60 MHz,Minus,FM,SEA 05,Large,None,100.0 Hz,23,300 Hz,Low,Skip,12.5 kHz,Off,VHF Marine - VTS (Duplex)
296,156.25,156.25, ,Simplex,FM,SEA 05A,Large,None,100.0 Hz,23,300 Hz,Low,Skip,12.5 kHz,Off,VHF Marine - Port Operations or VTS in the Houston
297,156.3,156.3, ,Simplex,FM,SEA 06,Large,None,100.0 Hz,23,300 Hz,Low,Skip,12.5 kHz,Off,VHF Marine - Intership Safety
298,160.95,156.35,4.60 MHz,Minus,FM,SEA 07,Large,None,100.0 Hz,23,300 Hz,Low,Skip,12.5 kHz,Off,VHF Marine - Port Operations (Duplex)
299,156.35,156.35, ,Simplex,FM,SEA 07A,Large,None,100.0 Hz,23,300 Hz,Low,Skip,12.5 kHz,Off,VHF Marine - Commercial
300,156.4,156.4, ,Simplex,FM,SEA 08,Large,None,100.0 Hz,23,300 Hz,Low,Skip,12.5 kHz,Off,VHF Marine - Commercial (Intership only)
301,156.45,156.45, ,Simplex,FM,SEA 09,Large,None,100.0 Hz,23,300 Hz,Low,Skip,12.5 kHz,Off,VHF Marine - Boater Calling. Commercial and Non-Commercial.
302,156.5,156.5, ,Simplex,FM,SEA 10,Large,None,100.0 Hz,23,300 Hz,Low,Skip,12.5 kHz,Off,VHF Marine - Commercial
303,156.55,156.55, ,Simplex,FM,SEA 11,Large,None,100.0 Hz,23,300 Hz,Low,Skip,12.5 kHz,Off,VHF Marine - Commercial. VTS in selected areas.
304,156.6,156.6, ,Simplex,FM,SEA 12,Large,None,100.0 Hz,23,300 Hz,Low,Skip,12.5 kHz,Off,VHF Marine - Port Operations. VTS in selected areas.
305,156.65,156.65, ,Simplex,FM,SEA 13,Large,None,100.0 Hz,23,300 Hz,Low,Skip,12.5 kHz,Off,VHF Marine - Intership Navigation Safety (Bridge-to-bridge). Ships >20m length m
306,156.7,156.7, ,Simplex,FM,SEA 14,Large,None,100.0 Hz,23,300 Hz,Low,Skip,12.5 kHz,Off,VHF Marine - Port Operations. VTS in selected areas.
307,156.75,156.75, ,Simplex,FM,SEA 15,Large,None,100.0 Hz,23,300 Hz,Low,Skip,12.5 kHz,Off,VHF Marine - Environmental (Receive only). Used by Class C EPIRBs.
308,156.8,156.8, ,Simplex,FM,SEA 16,Large,None,100.0 Hz,23,300 Hz,Low,Skip,12.5 kHz,Off,VHF Marine - International Distress  Safety and Calling.
309,156.85,156.85, ,Simplex,FM,SEA 17,Large,None,100.0 Hz,23,300 Hz,Low,Skip,12.5 kHz,Off,VHF Marine - State & local govt maritime control.
310,161.5,156.9,4.60 MHz,Minus,FM,SEA 18,Large,None,100.0 Hz,23,300 Hz,Low,Skip,12.5 kHz,Off,VHF Marine - Commercial (Duplex)
311,156.9,156.9, ,Simplex,FM,SEA 18A,Large,None,100.0 Hz,23,300 Hz,Low,Skip,12.5 kHz,Off,VHF Marine - Commercial
312,161.55,156.95,4.60 MHz,Minus,FM,SEA 19,Large,None,100.0 Hz,23,300 Hz,Low,Skip,12.5 kHz,Off,VHF Marine - Commercial (Duplex)
313,156.95,156.95, ,Simplex,FM,SEA 19A,Large,None,100.0 Hz,23,300 Hz,Low,Skip,12.5 kHz,Off,VHF Marine - Commercial
314,161.6,161.6, ,Minus,FM,SEA 20,Large,None,100.0 Hz,23,300 Hz,Low,Skip,12.5 kHz,Off,VHF Marine - Port Operations (Duplex)
315,157,157, ,Simplex,FM,SEA 20A,Large,None,100.0 Hz,23,300 Hz,Low,Skip,12.5 kHz,Off,VHF Marine - Port Operations
316,161.65,157.05,4.60 MHz,Minus,FM,SEA 21,Large,None,100.0 Hz,23,300 Hz,Low,Skip,12.5 kHz,Off,VHF Marine - U.S. Coast Guard only (Duplex)
317,157.05,157.05, ,Simplex,FM,SEA 21A,Large,None,100.0 Hz,23,300 Hz,Low,Skip,12.5 kHz,Off,VHF Marine - U.S. Coast Guard only
318,161.7,157.1,4.60 MHz,Minus,FM,SEA 22,Large,None,100.0 Hz,23,300 Hz,Low,Skip,12.5 kHz,Off,VHF Marine - U.S. Coast Guard only (Duplex)
319,157.1,157.1, ,Simplex,FM,SEA 22A,Large,None,100.0 Hz,23,300 Hz,Low,Skip,12.5 kHz,Off,VHF Marine - Coast Guard Liaison and Maritime Safety Information Broadcasts. Bro
320,161.75,157.15,4.60 MHz,Minus,FM,SEA 23,Large,None,100.0 Hz,23,300 Hz,Low,Skip,12.5 kHz,Off,VHF Marine - U.S. Coast Guard only (Duplex)
321,157.15,157.15, ,Simplex,FM,SEA 23A,Large,None,100.0 Hz,23,300 Hz,Low,Skip,12.5 kHz,Off,VHF Marine - U.S. Coast Guard only
322,161.8,157.2,4.60 MHz,Minus,FM,SEA 24,Large,None,100.0 Hz,23,300 Hz,Low,Skip,12.5 kHz,Off,VHF Marine - Public Correspondence (Marine Operator)
323,161.85,157.25,4.60 MHz,Minus,FM,SEA 25,Large,None,100.0 Hz,23,300 Hz,Low,Skip,12.5 kHz,Off,VHF Marine - Public Correspondence (Marine Operator)
324,161.9,157.3,4.60 MHz,Minus,FM,SEA 26,Large,None,100.0 Hz,23,300 Hz,Low,Skip,12.5 kHz,Off,VHF Marine - Public Correspondence (Marine Operator)
325,161.95,157.35,4.60 MHz,Minus,FM,SEA 27,Large,None,100.0 Hz,23,300 Hz,Low,Skip,12.5 kHz,Off,VHF Marine - Public Correspondence (Marine Operator)
326,162,157.4,4.60 MHz,Minus,FM,SEA 28,Large,None,100.0 Hz,23,300 Hz,Low,Skip,12.5 kHz,Off,VHF Marine - Public Correspondence (Marine Operator)
327,160.625,156.025,4.60 MHz,Minus,FM,SEA 60,Large,None,100.0 Hz,23,300 Hz,Low,Skip,12.5 kHz,Off,VHF Marine - Public Correspondence (Marine Operator) (Duplex)
328,160.675,156.075,4.60 MHz,Minus,FM,SEA 61,Large,None,100.0 Hz,23,300 Hz,Low,Skip,12.5 kHz,Off,VHF Marine - Public Correspondence (Marine Operator) (Duplex)
329,160.725,156.125,4.60 MHz,Minus,FM,SEA 62,Large,None,100.0 Hz,23,300 Hz,Low,Skip,12.5 kHz,Off,VHF Marine - Public Correspondence (Marine Operator) (Duplex)
330,160.775,156.175,4.60 MHz,Minus,FM,SEA 63,Large,None,100.0 Hz,23,300 Hz,Low,Skip,12.5 kHz,Off,VHF Marine - Public Correspondence (Marine Operator) (Duplex)
331,156.175,156.175, ,Simplex,FM,SEA 63A,Large,None,100.0 Hz,23,300 Hz,Low,Skip,12.5 kHz,Off,VHF Marine - Port Operations and Commercial VTS. Available only in New Orleans /
332,156.275,156.275, ,Simplex,FM,SEA 65A,Large,None,100.0 Hz,23,300 Hz,Low,Skip,12.5 kHz,Off,VHF Marine - Port Operations
333,156.325,156.325, ,Simplex,FM,SEA 66A,Large,None,100.0 Hz,23,300 Hz,Low,Skip,12.5 kHz,Off,VHF Marine - Port Operations
334,156.375,156.375, ,Simplex,FM,SEA 67,Large,None,100.0 Hz,23,300 Hz,Low,Skip,12.5 kHz,Off,VHF Marine - Commercial. Used for Bridge-to-bridge communications in lower Missi
335,156.425,156.425, ,Simplex,FM,SEA 68,Large,None,100.0 Hz,23,300 Hz,Low,Skip,12.5 kHz,Off,VHF Marine - Non-Commercial
336,156.475,156.475, ,Simplex,FM,SEA 69,Large,None,100.0 Hz,23,300 Hz,Low,Skip,12.5 kHz,Off,VHF Marine - Non-Commercial
337,156.525,156.525, ,Simplex,FM,DSC 70,Large,None,100.0 Hz,23,300 Hz,Low,Skip,12.5 kHz,Off,VHF Marine - Digital Selective Calling (voice communications not allowed.)
338,156.575,156.575, ,Simplex,FM,SEA 71,Large,None,100.0 Hz,23,300 Hz,Low,Skip,12.5 kHz,Off,VHF Marine - Non-Commercial
339,156.625,156.625, ,Simplex,FM,SEA 72,Large,None,100.0 Hz,23,300 Hz,Low,Skip,12.5 kHz,Off,VHF Marine - Non-Commercial (Intership only)
340,156.675,156.675, ,Simplex,FM,SEA 73,Large,None,100.0 Hz,23,300 Hz,Low,Skip,12.5 kHz,Off,VHF Marine - Port Operations
341,156.725,156.725, ,Simplex,FM,SEA 74,Large,None,100.0 Hz,23,300 Hz,Low,Skip,12.5 kHz,Off,VHF Marine - Port Operations
342,156.875,156.875, ,Simplex,FM,SEA 77,Large,None,100.0 Hz,23,300 Hz,Low,Skip,12.5 kHz,Off,VHF Marine - Port Operations (Intership only)
343,156.925,156.925, ,Simplex,FM,SEA 78A,Large,None,100.0 Hz,23,300 Hz,Low,Skip,12.5 kHz,Off,VHF Marine - Non-Commercial
344,156.975,156.975, ,Simplex,FM,SEA 79A,Large,None,100.0 Hz,23,300 Hz,Low,Skip,12.5 kHz,Off,VHF Marine - Commercial. Non-Commercial in Great Lakes only.
345,157.025,157.025, ,Simplex,FM,SEA 80A,Large,None,100.0 Hz,23,300 Hz,Low,Skip,12.5 kHz,Off,VHF Marine - Commercial. Non-Commercial in Great Lakes only.
346,157.075,157.075, ,Simplex,FM,SEA 81A,Large,None,100.0 Hz,23,300 Hz,Low,Skip,12.5 kHz,Off,VHF Marine - U.S. Government only - Environmental protection operations.
347,157.125,157.125, ,Simplex,FM,SEA 82A,Large,None,100.0 Hz,23,300 Hz,Low,Skip,12.5 kHz,Off,VHF Marine - U.S. Government only.
348,157.175,157.175, ,Simplex,FM,SEA 83A,Large,None,100.0 Hz,23,300 Hz,Low,Skip,12.5 kHz,Off,VHF Marine - U.S. Coast Guard only.
349,161.825,157.225,4.60 MHz,Minus,FM,SEA 84,Large,None,100.0 Hz,23,300 Hz,Low,Skip,12.5 kHz,Off,VHF Marine - Public Correspondence (Marine Operator)
350,161.875,157.275,4.60 MHz,Minus,FM,SEA 85,Large,None,100.0 Hz,23,300 Hz,Low,Skip,12.5 kHz,Off,VHF Marine - Public Correspondence (Marine Operator)
351,161.925,157.325,4.60 MHz,Minus,FM,SEA 86,Large,None,100.0 Hz,23,300 Hz,Low,Skip,12.5 kHz,Off,VHF Marine - Public Correspondence (Marine Operator)
352,157.375,157.375, ,Simplex,FM,SEA 87,Large,None,100.0 Hz,23,300 Hz,Low,Skip,12.5 kHz,Off,VHF Marine - Public Correspondence (Marine Operator)
353,157.425,157.425, ,Simplex,FM,SEA 88A,Large,None,100.0 Hz,23,300 Hz,Low,Skip,12.5 kHz,Off,VHF Marine - Commercial Intership only.
354,161.975,161.975, ,Simplex,FM,SEA AIS1,Large,None,100.0 Hz,23,300 Hz,Low,Skip,12.5 kHz,Off,VHF Marine - Automatic Identification System (AIS)
355,162.025,162.025, ,Simplex,FM,SEA AIS2,Large,None,100.0 Hz,23,300 Hz,Low,Skip,12.5 kHz,Off,VHF Marine - Automatic Identification System (AIS)
357,160.215,160.215, ,Simplex,FM Narrow,AAR 007,Large,None,100.0 Hz,23,300 Hz,Low,Skip,15 kHz,Off,Railroad Channel 007 
358,160.23,160.23, ,Simplex,FM Narrow,AAR 008,Large,None,100.0 Hz,23,300 Hz,Low,Skip,15 kHz,Off,Railroad Channel 008 
359,160.245,160.245, ,Simplex,FM Narrow,AAR 009,Large,None,100.0 Hz,23,300 Hz,Low,Skip,15 kHz,Off,Railroad Channel 009 
360,160.26,160.26, ,Simplex,FM Narrow,AAR 010,Large,None,100.0 Hz,23,300 Hz,Low,Skip,15 kHz,Off,Railroad Channel 010 - Cuyahoga Valley Scenic Railroad
361,160.275,160.275, ,Simplex,FM Narrow,AAR 011,Large,None,100.0 Hz,23,300 Hz,Low,Skip,15 kHz,Off,Railroad Channel 011 
362,160.29,160.29, ,Simplex,FM Narrow,AAR 012,Large,None,100.0 Hz,23,300 Hz,Low,Skip,15 kHz,Off,Railroad Channel 012 - Cuyahoga Valley Scenic Railroad
363,160.305,160.305, ,Simplex,FM Narrow,AAR 013,Large,None,100.0 Hz,23,300 Hz,Low,Skip,15 kHz,Off,Railroad Channel 013 
364,160.32,160.32, ,Simplex,FM Narrow,AAR 014,Large,None,100.0 Hz,23,300 Hz,Low,Skip,15 kHz,Off,Railroad Channel 014 
365,160.335,160.335, ,Simplex,FM Narrow,AAR 015,Large,None,100.0 Hz,23,300 Hz,Low,Skip,15 kHz,Off,Railroad Channel 015 
366,160.35,160.35, ,Simplex,FM Narrow,AAR 016,Large,None,100.0 Hz,23,300 Hz,Low,Skip,15 kHz,Off,Railroad Channel 016 
367,160.365,160.365, ,Simplex,FM Narrow,AAR 017,Large,None,100.0 Hz,23,300 Hz,Low,Skip,15 kHz,Off,Railroad Channel 017 
368,160.38,160.38, ,Simplex,FM Narrow,AAR 018,Large,None,100.0 Hz,23,300 Hz,Low,Skip,15 kHz,Off,Railroad Channel 018 - Cuyahoga Valley Scenic Railroad
369,160.395,160.395, ,Simplex,FM Narrow,AAR 019,Large,None,100.0 Hz,23,300 Hz,Low,Skip,15 kHz,Off,Railroad Channel 019 
370,160.41,160.41, ,Simplex,FM Narrow,AAR 020,Large,None,100.0 Hz,23,300 Hz,Low,Skip,15 kHz,Off,Railroad Channel 020 
371,160.425,160.425, ,Simplex,FM Narrow,AAR 021,Large,None,100.0 Hz,23,300 Hz,Low,Skip,15 kHz,Off,Railroad Channel 021 - Conway Scenic Railroad
372,160.44,160.44, ,Simplex,FM Narrow,AAR 022,Large,None,100.0 Hz,23,300 Hz,Low,Skip,15 kHz,Off,Railroad Channel 022 
373,160.455,160.455, ,Simplex,FM Narrow,AAR 023,Large,None,100.0 Hz,23,300 Hz,Low,Skip,15 kHz,Off,Railroad Channel 023 
374,160.47,160.47, ,Simplex,FM Narrow,AAR 024,Large,None,100.0 Hz,23,300 Hz,Low,Skip,15 kHz,Off,Railroad Channel 024 
375,160.485,160.485, ,Simplex,FM Narrow,AAR 025,Large,None,100.0 Hz,23,300 Hz,Low,Skip,15 kHz,Off,Railroad Channel 025 
376,160.5,160.5, ,Simplex,FM Narrow,AAR 026,Large,None,100.0 Hz,23,300 Hz,Low,Skip,15 kHz,Off,Railroad Channel 026 
377,160.515,160.515, ,Simplex,FM Narrow,AAR 027,Large,None,100.0 Hz,23,300 Hz,Low,Skip,15 kHz,Off,Railroad Channel 027 
378,160.53,160.53, ,Simplex,FM Narrow,AAR 028,Large,None,100.0 Hz,23,300 Hz,Low,Skip,15 kHz,Off,Railroad Channel 028 
379,160.545,160.545, ,Simplex,FM Narrow,AAR 029,Large,None,100.0 Hz,23,300 Hz,Low,Skip,15 kHz,Off,Railroad Channel 029 
380,160.56,160.56, ,Simplex,FM Narrow,AAR 030,Large,None,100.0 Hz,23,300 Hz,Low,Skip,15 kHz,Off,Railroad Channel 030 
381,160.575,160.575, ,Simplex,FM Narrow,AAR 031,Large,None,100.0 Hz,23,300 Hz,Low,Skip,15 kHz,Off,Railroad Channel 031 
382,160.59,160.59, ,Simplex,FM Narrow,AAR 032,Large,None,100.0 Hz,23,300 Hz,Low,Skip,15 kHz,Off,Railroad Channel 032 
383,160.605,160.605, ,Simplex,FM Narrow,AAR 033,Large,None,100.0 Hz,23,300 Hz,Low,Skip,15 kHz,Off,Railroad Channel 033 
384,160.62,160.62, ,Simplex,FM Narrow,AAR 034,Large,None,100.0 Hz,23,300 Hz,Low,Skip,15 kHz,Off,Railroad Channel 034 
385,160.635,160.635, ,Simplex,FM Narrow,AAR 035,Large,None,100.0 Hz,23,300 Hz,Low,Skip,15 kHz,Off,Railroad Channel 035 
386,160.65,160.65, ,Simplex,FM Narrow,AAR 036,Large,None,100.0 Hz,23,300 Hz,Low,Skip,15 kHz,Off,Railroad Channel 036 
387,160.665,160.665, ,Simplex,FM Narrow,AAR 037,Large,None,100.0 Hz,23,300 Hz,Low,Skip,15 kHz,Off,Railroad Channel 037 
388,160.68,160.68, ,Simplex,FM Narrow,AAR 038,Large,None,100.0 Hz,23,300 Hz,Low,Skip,15 kHz,Off,Railroad Channel 038 
389,160.695,160.695, ,Simplex,FM Narrow,AAR 039,Large,None,100.0 Hz,23,300 Hz,Low,Skip,15 kHz,Off,Railroad Channel 039 
390,160.71,160.71, ,Simplex,FM Narrow,AAR 040,Large,None,100.0 Hz,23,300 Hz,Low,Skip,15 kHz,Off,Railroad Channel 040 
391,160.725,160.725, ,Simplex,FM Narrow,AAR 041,Large,None,100.0 Hz,23,300 Hz,Low,Skip,15 kHz,Off,Railroad Channel 041 
392,160.74,160.74, ,Simplex,FM Narrow,AAR 042,Large,None,100.0 Hz,23,300 Hz,Low,Skip,15 kHz,Off,Railroad Channel 042 
393,160.755,160.755, ,Simplex,FM Narrow,AAR 043,Large,None,100.0 Hz,23,300 Hz,Low,Skip,15 kHz,Off,Railroad Channel 043 
394,160.77,160.77, ,Simplex,FM Narrow,AAR 044,Large,None,100.0 Hz,23,300 Hz,Low,Skip,15 kHz,Off,Railroad Channel 044 
395,160.785,160.785, ,Simplex,FM Narrow,AAR 045,Large,None,100.0 Hz,23,300 Hz,Low,Skip,15 kHz,Off,Railroad Channel 045 
396,160.8,160.8, ,Simplex,FM Narrow,AAR 046,Large,None,100.0 Hz,23,300 Hz,Low,Skip,15 kHz,Off,Railroad Channel 046 
397,160.815,160.815, ,Simplex,FM Narrow,AAR 047,Large,None,100.0 Hz,23,300 Hz,Low,Skip,15 kHz,Off,Railroad Channel 047 
398,160.83,160.83, ,Simplex,FM Narrow,AAR 048,Large,None,100.0 Hz,23,300 Hz,Low,Skip,15 kHz,Off,Railroad Channel 048 
399,160.845,160.845, ,Simplex,FM Narrow,AAR 049,Large,None,100.0 Hz,23,300 Hz,Low,Skip,15 kHz,Off,Railroad Channel 049 
400,160.86,160.86, ,Simplex,FM Narrow,AAR 050,Large,None,100.0 Hz,23,300 Hz,Low,Skip,15 kHz,Off,Railroad Channel 050 
401,160.875,160.875, ,Simplex,FM Narrow,AAR 051,Large,None,100.0 Hz,23,300 Hz,Low,Skip,15 kHz,Off,Railroad Channel 051 
402,160.89,160.89, ,Simplex,FM Narrow,AAR 052,Large,None,100.0 Hz,23,300 Hz,Low,Skip,15 kHz,Off,Railroad Channel 052 
403,160.905,160.905, ,Simplex,FM Narrow,AAR 053,Large,None,100.0 Hz,23,300 Hz,Low,Skip,15 kHz,Off,Railroad Channel 053 
404,160.92,160.92, ,Simplex,FM Narrow,AAR 054,Large,None,100.0 Hz,23,300 Hz,Low,Skip,15 kHz,Off,Railroad Channel 054 
405,160.935,160.935, ,Simplex,FM Narrow,AAR 055,Large,None,100.0 Hz,23,300 Hz,Low,Skip,15 kHz,Off,Railroad Channel 055 
406,160.95,160.95, ,Simplex,FM Narrow,AAR 056,Large,None,100.0 Hz,23,300 Hz,Low,Skip,15 kHz,Off,Railroad Channel 056 
407,160.965,160.965, ,Simplex,FM Narrow,AAR 057,Large,None,100.0 Hz,23,300 Hz,Low,Skip,15 kHz,Off,Railroad Channel 057 - Cuyahoga Valley Scenic Railroad
408,160.98,160.98, ,Simplex,FM Narrow,AAR 058,Large,None,100.0 Hz,23,300 Hz,Low,Skip,15 kHz,Off,Railroad Channel 058 
409,160.995,160.995, ,Simplex,FM Narrow,AAR 059,Large,None,100.0 Hz,23,300 Hz,Low,Skip,15 kHz,Off,Railroad Channel 059 
410,161.01,161.01, ,Simplex,FM Narrow,AAR 060,Large,None,100.0 Hz,23,300 Hz,Low,Skip,15 kHz,Off,Railroad Channel 060 
411,161.025,161.025, ,Simplex,FM Narrow,AAR 061,Large,None,100.0 Hz,23,300 Hz,Low,Skip,15 kHz,Off,Railroad Channel 061 
412,161.04,161.04, ,Simplex,FM Narrow,AAR 062,Large,None,100.0 Hz,23,300 Hz,Low,Skip,15 kHz,Off,Railroad Channel 062 
413,161.055,161.055, ,Simplex,FM Narrow,AAR 063,Large,None,100.0 Hz,23,300 Hz,Low,Skip,15 kHz,Off,Railroad Channel 063 
414,161.07,161.07, ,Simplex,FM Narrow,AAR 064,Large,None,100.0 Hz,23,300 Hz,Low,Skip,15 kHz,Off,Railroad Channel 064 
415,161.085,161.085, ,Simplex,FM Narrow,AAR 065,Large,None,100.0 Hz,23,300 Hz,Low,Skip,15 kHz,Off,Railroad Channel 065 
416,161.1,161.1, ,Simplex,FM Narrow,AAR 066,Large,None,100.0 Hz,23,300 Hz,Low,Skip,15 kHz,Off,Railroad Channel 066 
417,161.115,161.115, ,Simplex,FM Narrow,AAR 067,Large,None,100.0 Hz,23,300 Hz,Low,Skip,15 kHz,Off,Railroad Channel 067 
418,161.13,161.13, ,Simplex,FM Narrow,AAR 068,Large,None,100.0 Hz,23,300 Hz,Low,Skip,15 kHz,Off,Railroad Channel 068 
419,161.145,161.145, ,Simplex,FM Narrow,AAR 069,Large,None,100.0 Hz,23,300 Hz,Low,Skip,15 kHz,Off,Railroad Channel 069 
420,161.16,161.16, ,Simplex,FM Narrow,AAR 070,Large,None,100.0 Hz,23,300 Hz,Low,Skip,15 kHz,Off,Railroad Channel 070 
421,161.175,161.175, ,Simplex,FM Narrow,AAR 071,Large,None,100.0 Hz,23,300 Hz,Low,Skip,15 kHz,Off,Railroad Channel 071 
422,161.19,161.19, ,Simplex,FM Narrow,AAR 072,Large,None,100.0 Hz,23,300 Hz,Low,Skip,15 kHz,Off,Railroad Channel 072 
423,161.205,161.205, ,Simplex,FM Narrow,AAR 073,Large,None,100.0 Hz,23,300 Hz,Low,Skip,15 kHz,Off,Railroad Channel 073 
424,161.22,161.22, ,Simplex,FM Narrow,AAR 074,Large,None,100.0 Hz,23,300 Hz,Low,Skip,15 kHz,Off,Railroad Channel 074 
425,161.235,161.235, ,Simplex,FM Narrow,AAR 075,Large,None,100.0 Hz,23,300 Hz,Low,Skip,15 kHz,Off,Railroad Channel 075 
426,161.25,161.25, ,Simplex,FM Narrow,AAR 076,Large,None,100.0 Hz,23,300 Hz,Low,Skip,15 kHz,Off,Railroad Channel 076 - Conway Scenic Railroad
427,161.265,161.265, ,Simplex,FM Narrow,AAR 077,Large,None,100.0 Hz,23,300 Hz,Low,Skip,15 kHz,Off,Railroad Channel 077 
428,161.28,161.28, ,Simplex,FM Narrow,AAR 078,Large,None,100.0 Hz,23,300 Hz,Low,Skip,15 kHz,Off,Railroad Channel 078 
429,161.295,161.295, ,Simplex,FM Narrow,AAR 079,Large,None,100.0 Hz,23,300 Hz,Low,Skip,15 kHz,Off,Railroad Channel 079 
430,161.31,161.31, ,Simplex,FM Narrow,AAR 080,Large,None,100.0 Hz,23,300 Hz,Low,Skip,15 kHz,Off,Railroad Channel 080 
431,161.325,161.325, ,Simplex,FM Narrow,AAR 081,Large,None,100.0 Hz,23,300 Hz,Low,Skip,15 kHz,Off,Railroad Channel 081 - Cuyahoga Valley Scenic Railroad & Conway Scenic Railroad
432,161.34,161.34, ,Simplex,FM Narrow,AAR 082,Large,None,100.0 Hz,23,300 Hz,Low,Skip,15 kHz,Off,Railroad Channel 082 
433,161.355,161.355, ,Simplex,FM Narrow,AAR 083,Large,None,100.0 Hz,23,300 Hz,Low,Skip,15 kHz,Off,Railroad Channel 083 
434,161.37,161.37, ,Simplex,FM Narrow,AAR 084,Large,None,100.0 Hz,23,300 Hz,Low,Skip,15 kHz,Off,Railroad Channel 084 
435,161.385,161.385, ,Simplex,FM Narrow,AAR 085,Large,None,100.0 Hz,23,300 Hz,Low,Skip,15 kHz,Off,Railroad Channel 085 
436,161.4,161.4, ,Simplex,FM Narrow,AAR 086,Large,None,100.0 Hz,23,300 Hz,Low,Skip,15 kHz,Off,Railroad Channel 086 
437,161.415,161.415, ,Simplex,FM Narrow,AAR 087,Large,None,100.0 Hz,23,300 Hz,Low,Skip,15 kHz,Off,Railroad Channel 087 
438,161.43,161.43, ,Simplex,FM Narrow,AAR 088,Large,None,100.0 Hz,23,300 Hz,Low,Skip,15 kHz,Off,Railroad Channel 088 
439,161.445,161.445, ,Simplex,FM Narrow,AAR 089,Large,None,100.0 Hz,23,300 Hz,Low,Skip,15 kHz,Off,Railroad Channel 089 
440,161.46,161.46, ,Simplex,FM Narrow,AAR 090,Large,None,100.0 Hz,23,300 Hz,Low,Skip,15 kHz,Off,Railroad Channel 090 
441,161.475,161.475, ,Simplex,FM Narrow,AAR 091,Large,None,100.0 Hz,23,300 Hz,Low,Skip,15 kHz,Off,Railroad Channel 091 
442,161.49,161.49, ,Simplex,FM Narrow,AAR 092,Large,None,100.0 Hz,23,300 Hz,Low,Skip,15 kHz,Off,Railroad Channel 092 
443,161.505,161.505, ,Simplex,FM Narrow,AAR 093,Large,None,100.0 Hz,23,300 Hz,Low,Skip,15 kHz,Off,Railroad Channel 093 
444,161.52,161.52, ,Simplex,FM Narrow,AAR 094,Large,None,100.0 Hz,23,300 Hz,Low,Skip,15 kHz,Off,Railroad Channel 094 
445,161.535,161.535, ,Simplex,FM Narrow,AAR 095,Large,None,100.0 Hz,23,300 Hz,Low,Skip,15 kHz,Off,Railroad Channel 095 
446,161.55,161.55, ,Simplex,FM Narrow,AAR 096,Large,None,100.0 Hz,23,300 Hz,Low,Skip,15 kHz,Off,Railroad Channel 096 
447,161.565,161.565, ,Simplex,FM Narrow,AAR 097,Large,None,100.0 Hz,23,300 Hz,Low,Skip,15 kHz,Off,Railroad Channel 097 
449,223.4,223.4, ,Simplex,FM,223-400,Small,None,88.5 Hz,23,300 Hz,High,Off,20 kHz,Off,1.25 Meter FM Simplex
450,223.42,223.42, ,Simplex,FM,223-420,Small,None,88.5 Hz,23,300 Hz,High,Off,20 kHz,Off,1.25 Meter FM Simplex
451,223.44,223.44, ,Simplex,FM,223-440,Small,None,88.5 Hz,23,300 Hz,High,Off,20 kHz,Off,1.25 Meter FM Simplex
452,223.46,223.46, ,Simplex,FM,223-460,Small,None,88.5 Hz,23,300 Hz,High,Off,20 kHz,Off,1.25 Meter FM Simplex
453,223.48,223.48, ,Simplex,FM,223-480,Small,None,88.5 Hz,23,300 Hz,High,Off,20 kHz,Off,1.25 Meter FM Simplex
454,223.5,223.5, ,Simplex,FM,223-CALL,Small,None,88.5 Hz,23,300 Hz,High,Off,20 kHz,Off,1.25 Meter FM Simplex - National Calling Frequency
455,223.52,223.52, ,Simplex,FM,223-520,Small,None,88.5 Hz,23,300 Hz,High,Off,20 kHz,Off,1.25 Meter FM Simplex
457,223.71,223.71, ,Simplex,FM,LC-710,Small,None,88.5 Hz,23,300 Hz,High,Off,20 kHz,Off,1.25 Meter Local coordinator's option; FM simplex - packet - repeater outputs
458,223.73,223.73, ,Simplex,FM,LC-730,Small,None,88.5 Hz,23,300 Hz,High,Off,20 kHz,Off,1.25 Meter Local coordinator's option; FM simplex - packet - repeater outputs
459,223.75,223.75, ,Simplex,FM,LC-750,Small,None,88.5 Hz,23,300 Hz,High,Off,20 kHz,Off,1.25 Meter Local coordinator's option; FM simplex - packet - repeater outputs
460,223.77,223.77, ,Simplex,FM,LC-770,Small,None,88.5 Hz,23,300 Hz,High,Off,20 kHz,Off,1.25 Meter Local coordinator's option; FM simplex - packet - repeater outputs
461,223.79,223.79, ,Simplex,FM,LC-790,Small,None,88.5 Hz,23,300 Hz,High,Off,20 kHz,Off,1.25 Meter Local coordinator's option; FM simplex - packet - repeater outputs
462,223.81,223.81, ,Simplex,FM,LC-810,Small,None,88.5 Hz,23,300 Hz,High,Off,20 kHz,Off,1.25 Meter Local coordinator's option; FM simplex - packet - repeater outputs
463,223.83,223.83, ,Simplex,FM,LC-830,Small,None,88.5 Hz,23,300 Hz,High,Off,20 kHz,Off,1.25 Meter Local coordinator's option; FM simplex - packet - repeater outputs
464,223.85,223.85, ,Simplex,FM,LC-850,Small,None,88.5 Hz,23,300 Hz,High,Off,20 kHz,Off,1.25 Meter Local coordinator's option; FM simplex - packet - repeater outputs
466,224.02,222.42,1.60 MHz,Minus,FM,N8BHU,Small,Tone,141.3 Hz,23,300 Hz,High,Off,20 kHz,Off,1.25 Meter OH-Kent
467,224.04,222.44,1.60 MHz,Minus,FM,WD8CHL,Small,Tone,141.3 Hz,23,300 Hz,High,Off,20 kHz,Off,1.25 Meter OH-Elyria
468,224.08,222.48,1.60 MHz,Minus,FM,N8JCV,Small,Tone,141.3 Hz,23,300 Hz,High,Off,20 kHz,Off,1.25 Meter OH-Fairport Hrbr
469,224.16,222.56,1.60 MHz,Minus,FM,N8DOD,Small,Tone,131.8 Hz,23,300 Hz,High,Off,20 kHz,Off,1.25 Meter OH-Warren
470,224.28,222.68,1.60 MHz,Minus,FM,W8KHW,Small,Tone,131.8 Hz,23,300 Hz,High,Off,20 kHz,Off,1.25 Meter OH-Columbus
471,224.38,222.78,1.60 MHz,Minus,FM,KD8LDE,Small,Tone,131.8 Hz,23,300 Hz,High,Off,20 kHz,Off,1.25 Meter OH-North Royalton
472,224.38,222.78,1.60 MHz,Minus,FM,KA8ZNY,Small,None,88.5 Hz,23,300 Hz,High,Off,20 kHz,Off,1.25 Meter OH-Canal Winchester
473,224.48,222.88,1.60 MHz,Minus,FM,KB8WLW,Small,Tone,141.3 Hz,23,300 Hz,High,Off,20 kHz,Off,1.25 Meter OH-Parma
474,224.5,222.9,1.60 MHz,Minus,FM,N8BC,Small,Tone,141.3 Hz,23,300 Hz,High,Off,20 kHz,Off,1.25 Meter OH-Mentor - Tri-Point Hospital
475,224.58,222.98,1.60 MHz,Minus,FM,KD8BIW,Small,Tone,110.9 Hz,23,300 Hz,High,Off,20 kHz,Off,1.25 Meter OH-Hayesville - Ashland/Mansfield
476,224.6,223,1.60 MHz,Minus,FM,W8TUY,Small,None,88.5 Hz,23,300 Hz,High,Off,20 kHz,Off,1.25 Meter OH-Canton
477,224.66,223.06,1.60 MHz,Minus,FM,W8RUT,Small,None,88.5 Hz,23,300 Hz,High,Off,20 kHz,Off,1.25 Meter OH-Galena
478,224.76,223.16,1.60 MHz,Minus,FM,K8SCI,Small,None,88.5 Hz,23,300 Hz,High,Off,20 kHz,Off,1.25 Meter OH-North Royalton
479,224.86,223.26,1.60 MHz,Minus,FM,W8EOC,Small,None,88.5 Hz,23,300 Hz,High,Off,20 kHz,Off,1.25 Meter OH-Medina
480,224.9,223.3,1.60 MHz,Minus,FM,WR8ABC,Small,Tone,141.3 Hz,23,300 Hz,High,Off,20 kHz,Off,1.25 Meter OH-Lakewood
481,224.94,223.34,1.60 MHz,Minus,FM,WY8G,Small,Tone,71.9 Hz,23,300 Hz,High,Off,20 kHz,Off,1.25 Meter OH-Mt Gilead
482,224.94,223.34,1.60 MHz,Minus,FM,KJ8N,Small,None,88.5 Hz,23,300 Hz,High,Off,20 kHz,Off,1.25 Meter OH-Zanesville
483,224.96,223.36,1.60 MHz,Minus,FM,KB8FKM,Small,Tone,141.3 Hz,23,300 Hz,High,Off,20 kHz,Off,1.25 Meter OH-Thompson
