Channel Number,Receive Frequency,Transmit Frequency,Offset Frequency,Offset Direction,Operating Mode,Name,Show Name,Tone Mode,CTCSS,DCS,User CTCSS,Tx Power,Skip,Step,Clock Shift,Comment,
1,162.55000,162.55000, ,Simplex,FM,WX1PA7,Large,None,88.5 Hz,023,300 Hz,Low,Skip,Auto,Off,NOAA Weather,
2,162.40000,162.40000, ,Simplex,FM,WX2PA1,Large,None,88.5 Hz,023,300 Hz,Low,Skip,Auto,Off,NOAA Weather,
3,162.47500,162.47500, ,Simplex,FM,WX3PA4,Large,None,88.5 Hz,023,300 Hz,Low,Skip,Auto,Off,NOAA Weather,
4,162.42500,162.42500, ,Simplex,FM,WX4PA2,Large,None,88.5 Hz,023,300 Hz,Low,Skip,Auto,Off,NOAA Weather,
5,162.45000,162.45000, ,Simplex,FM,WX5PA3,Large,None,88.5 Hz,023,300 Hz,Low,Skip,Auto,Off,NOAA Weather,
6,162.50000,162.50000, ,Simplex,FM,WX6PA5,Large,None,88.5 Hz,023,300 Hz,Low,Skip,Auto,Off,NOAA Weather,
7,162.52500,162.52500, ,Simplex,FM,WX7PA6,Large,None,88.5 Hz,023,300 Hz,Low,Skip,Auto,Off,NOAA Weather,
8,161.65000,161.65000, ,Simplex,FM,WX8,Large,None,88.5 Hz,023,300 Hz,Low,Skip,Auto,Off,NOAA Weather,
9,161.77500,161.77500, ,Simplex,FM,WX9,Large,None,88.5 Hz,023,300 Hz,Low,Skip,Auto,Off,NOAA Weather,
10,163.27500,163.27500, ,Simplex,FM,WX10,Large,None,88.5 Hz,023,300 Hz,Low,Skip,Auto,Off,NOAA Weather,
12,144.39000,144.39000, ,Simplex,FM,APRSraw,Large,None,100.0 Hz,023,300 Hz,High,Skip,5 kHz,Off,APRS - Troubleshooting the Channel,
13,144.39000,144.39000, ,Simplex,FM,APRSops,Large,Tone,100.0 Hz,023,300 Hz,High,Skip,5 kHz,Off,APRS - Normal Ops with Voice Alert,
14,144.39000,144.39000, ,Simplex,FM,APRSmute,Large,DCS,100.0 Hz,754         ,300 Hz,High,Skip,5 kHz,Off,APRS - Silent and SELCALL XXX,
15,144.39000,144.99000,600 kHz,Plus,FM,APRSinpt,Large,None,100.0 Hz,023,300 Hz,High,Skip,5 kHz,Off,APRS - Event Ops into 144.99 digi,
16,144.39000,143.79000,600 kHz,Minus,FM,APRSdigi,Large,None,100.0 Hz,023,300 Hz,High,Skip,5 kHz,Off,APRS - Temporary Event WIDE1-1 digi,
18,145.51000,145.51000, ,Simplex,FM,D-145510,Large,None,100.0 Hz,023,300 Hz,High,Select,5 kHz,Off,Digital Simplex (C4FM),
19,145.56250,145.56250, ,Simplex,FM,D-C4CALL,Large,None,100.0 Hz,023,300 Hz,High,Select,5 kHz,Off,Digital Simplex C4FM Calling Freq. (Yaesu Suggested),
20,145.79000,145.79000, ,Simplex,FM,D-145790,Large,None,100.0 Hz,023,300 Hz,High,Select,5 kHz,Off,Digital Simplex (C4FM),
21,433.45000,433.45000, ,Simplex,FM,D-433450,Large,None,100.0 Hz,023,300 Hz,High,Select,5 kHz,Off,Digital Simplex (C4FM),
22,441.00000,441.00000, ,Simplex,FM,D-441000,Large,None,100.0 Hz,023,300 Hz,High,Select,5 kHz,Off,Digital Simplex (C4FM),
23,446.07500,446.07500, ,Simplex,FM,D-446075,Large,None,100.0 Hz,023,300 Hz,High,Select,5 kHz,Off,Digital Simplex (C4FM),
24,446.50000,446.50000, ,Simplex,FM,D-446500,Large,None,100.0 Hz,023,300 Hz,High,Select,5 kHz,Off,Digital Simplex (C4FM),
26,144.20000,144.20000, ,Simplex,FM,2M-NAT,Large,None,100.0 Hz,023,300 Hz,High,Select,5 kHz,Off,VHF National Calling Frequency,
27,146.40000,146.40000, ,Simplex,FM,2M-6400,Large,None,100.0 Hz,023,300 Hz,High,Select,5 kHz,Off,VHF Simplex,
28,146.40500,146.40500, ,Simplex,FM,2M-6405,Large,None,100.0 Hz,023,300 Hz,High,Select,5 kHz,Off,VHF Simplex,
29,146.41000,146.41000, ,Simplex,FM,2M-6410,Large,None,100.0 Hz,023,300 Hz,High,Select,5 kHz,Off,VHF Simplex,
30,146.41500,146.41500, ,Simplex,FM,2M-6415,Large,None,100.0 Hz,023,300 Hz,High,Select,5 kHz,Off,VHF Simplex,
31,146.42000,146.42000, ,Simplex,FM,2M-6420,Large,None,100.0 Hz,023,300 Hz,High,Select,5 kHz,Off,VHF Simplex,
32,146.42500,146.42500, ,Simplex,FM,2M-6425,Large,None,100.0 Hz,023,300 Hz,High,Select,5 kHz,Off,VHF Simplex,
33,146.43000,146.43000, ,Simplex,FM,2M-6430,Large,None,100.0 Hz,023,300 Hz,High,Select,5 kHz,Off,VHF Simplex,
34,146.43500,146.43500, ,Simplex,FM,2M-6435,Large,None,100.0 Hz,023,300 Hz,High,Select,5 kHz,Off,VHF Simplex,
35,146.44000,146.44000, ,Simplex,FM,2M-6440,Large,None,100.0 Hz,023,300 Hz,High,Select,5 kHz,Off,VHF Simplex,
36,146.44500,146.44500, ,Simplex,FM,2M-6445,Large,None,100.0 Hz,023,300 Hz,High,Select,5 kHz,Off,VHF Simplex,
37,146.45000,146.45000, ,Simplex,FM,2M-6450,Large,None,100.0 Hz,023,300 Hz,High,Select,5 kHz,Off,VHF Simplex,
38,146.45500,146.45500, ,Simplex,FM,2M-6455,Large,None,100.0 Hz,023,300 Hz,High,Select,5 kHz,Off,VHF Simplex,
39,146.46000,146.46000, ,Simplex,FM,2M-6460,Large,None,100.0 Hz,023,300 Hz,High,Select,5 kHz,Off,VHF Simplex,
40,146.46500,146.46500, ,Simplex,FM,2M-6465,Large,None,100.0 Hz,023,300 Hz,High,Select,5 kHz,Off,VHF Simplex,
41,146.47000,146.47000, ,Simplex,FM,2M-6470,Large,None,100.0 Hz,023,300 Hz,High,Select,5 kHz,Off,VHF Simplex,
42,146.47500,146.47500, ,Simplex,FM,2M-6475,Large,None,100.0 Hz,023,300 Hz,High,Select,5 kHz,Off,VHF Simplex,
43,146.48000,146.48000, ,Simplex,FM,2M-6480,Large,None,100.0 Hz,023,300 Hz,High,Select,5 kHz,Off,VHF Simplex,
44,146.48500,146.48500, ,Simplex,FM,2M-6485,Large,None,100.0 Hz,023,300 Hz,High,Select,5 kHz,Off,VHF Simplex,
45,146.49000,146.49000, ,Simplex,FM,2M-6490,Large,None,100.0 Hz,023,300 Hz,High,Select,5 kHz,Off,VHF Simplex,
46,146.49500,146.49500, ,Simplex,FM,2M-6495,Large,None,100.0 Hz,023,300 Hz,High,Select,5 kHz,Off,VHF Simplex,
47,146.50000,146.50000, ,Simplex,FM,2M-6500,Large,None,100.0 Hz,023,300 Hz,High,Select,5 kHz,Off,VHF Simplex,
48,146.50500,146.50500, ,Simplex,FM,2M-6505,Large,None,100.0 Hz,023,300 Hz,High,Select,5 kHz,Off,VHF Simplex,
49,146.51000,146.51000, ,Simplex,FM,2M-6510,Large,None,100.0 Hz,023,300 Hz,High,Select,5 kHz,Off,VHF Simplex,
50,146.51500,146.51500, ,Simplex,FM,2M-6515,Large,None,100.0 Hz,023,300 Hz,High,Select,5 kHz,Off,VHF Simplex,
51,146.52000,146.52000, ,Simplex,FM,2M-CALL,Large,None,100.0 Hz,023,300 Hz,High,Select,5 kHz,Off,VHF Simplex National Calling Frequency,
52,146.52500,146.52500, ,Simplex,FM,2M-6525,Large,None,100.0 Hz,023,300 Hz,High,Select,5 kHz,Off,VHF Simplex,
53,146.53000,146.53000, ,Simplex,FM,2M-6530,Large,None,100.0 Hz,023,300 Hz,High,Select,5 kHz,Off,VHF Simplex,
54,146.53500,146.53500, ,Simplex,FM,2M-6535,Large,None,100.0 Hz,023,300 Hz,High,Select,5 kHz,Off,VHF Simplex,
55,146.54000,146.54000, ,Simplex,FM,2M-6540,Large,None,100.0 Hz,023,300 Hz,High,Select,5 kHz,Off,VHF Simplex,
56,146.54500,146.54500, ,Simplex,FM,2M-6545,Large,None,100.0 Hz,023,300 Hz,High,Select,5 kHz,Off,VHF Simplex,
57,146.55000,146.55000, ,Simplex,FM,2M-6550,Large,None,100.0 Hz,023,300 Hz,High,Select,5 kHz,Off,VHF Simplex,
58,146.55500,146.55500, ,Simplex,FM,2M-6555,Large,None,100.0 Hz,023,300 Hz,High,Select,5 kHz,Off,VHF Simplex,
59,146.56000,146.56000, ,Simplex,FM,2M-6560,Large,None,100.0 Hz,023,300 Hz,High,Select,5 kHz,Off,VHF Simplex,
60,146.56500,146.56500, ,Simplex,FM,2M-6565,Large,None,100.0 Hz,023,300 Hz,High,Select,5 kHz,Off,VHF Simplex,
61,146.57000,146.57000, ,Simplex,FM,2M-6570,Large,None,100.0 Hz,023,300 Hz,High,Select,5 kHz,Off,VHF Simplex,
62,146.57500,146.57500, ,Simplex,FM,2M-6575,Large,None,100.0 Hz,023,300 Hz,High,Select,5 kHz,Off,VHF Simplex,
63,146.58000,146.58000, ,Simplex,FM,2M-6580,Large,None,100.0 Hz,023,300 Hz,High,Select,5 kHz,Off,VHF Simplex,
64,147.42000,147.42000, ,Simplex,FM,2M-7420,Large,None,100.0 Hz,023,300 Hz,High,Select,5 kHz,Off,VHF Simplex,
65,147.42500,147.42500, ,Simplex,FM,2M-7425,Large,None,100.0 Hz,023,300 Hz,High,Select,5 kHz,Off,VHF Simplex,
66,147.43000,147.43000, ,Simplex,FM,2M-7430,Large,None,100.0 Hz,023,300 Hz,High,Select,5 kHz,Off,VHF Simplex,
67,147.43500,147.43500, ,Simplex,FM,2M-7435,Large,None,100.0 Hz,023,300 Hz,High,Select,5 kHz,Off,VHF Simplex,
68,147.44000,147.44000, ,Simplex,FM,2M-7440,Large,None,100.0 Hz,023,300 Hz,High,Select,5 kHz,Off,VHF Simplex,
69,147.44500,147.44500, ,Simplex,FM,2M-7445,Large,None,100.0 Hz,023,300 Hz,High,Select,5 kHz,Off,VHF Simplex,
70,147.45000,147.45000, ,Simplex,FM,2M-7450,Large,None,100.0 Hz,023,300 Hz,High,Select,5 kHz,Off,VHF Simplex,
71,147.45500,147.45500, ,Simplex,FM,2M-7455,Large,None,100.0 Hz,023,300 Hz,High,Select,5 kHz,Off,VHF Simplex,
72,147.46000,147.46000, ,Simplex,FM,2M-7460,Large,None,100.0 Hz,023,300 Hz,High,Select,5 kHz,Off,VHF Simplex,
73,147.46500,147.46500, ,Simplex,FM,2M-7465,Large,None,100.0 Hz,023,300 Hz,High,Select,5 kHz,Off,VHF Simplex,
74,147.47000,147.47000, ,Simplex,FM,2M-7470,Large,None,100.0 Hz,023,300 Hz,High,Select,5 kHz,Off,VHF Simplex,
75,147.47500,147.47500, ,Simplex,FM,2M-7475,Large,None,100.0 Hz,023,300 Hz,High,Select,5 kHz,Off,VHF Simplex,
76,147.48000,147.48000, ,Simplex,FM,2M-7480,Large,None,100.0 Hz,023,300 Hz,High,Select,5 kHz,Off,VHF Simplex,
77,147.48500,147.48500, ,Simplex,FM,2M-7485,Large,None,100.0 Hz,023,300 Hz,High,Select,5 kHz,Off,VHF Simplex,
78,147.49000,147.49000, ,Simplex,FM,2M-7490,Large,None,100.0 Hz,023,300 Hz,High,Select,5 kHz,Off,VHF Simplex,
79,147.49500,147.49500, ,Simplex,FM,2M-7495,Large,None,100.0 Hz,023,300 Hz,High,Select,5 kHz,Off,VHF Simplex,
80,147.50000,147.50000, ,Simplex,FM,2M-7500,Large,None,100.0 Hz,023,300 Hz,High,Select,5 kHz,Off,VHF Simplex,
81,147.50500,147.50500, ,Simplex,FM,2M-7505,Large,None,100.0 Hz,023,300 Hz,High,Select,5 kHz,Off,VHF Simplex,
82,147.51000,147.51000, ,Simplex,FM,2M-7510,Large,None,100.0 Hz,023,300 Hz,High,Select,5 kHz,Off,VHF Simplex,
83,147.51500,147.51500, ,Simplex,FM,2M-7515,Large,None,100.0 Hz,023,300 Hz,High,Select,5 kHz,Off,VHF Simplex,
84,147.52000,147.52000, ,Simplex,FM,2M-7520,Large,None,100.0 Hz,023,300 Hz,High,Select,5 kHz,Off,VHF Simplex,
85,147.52500,147.52500, ,Simplex,FM,2M-7525,Large,None,100.0 Hz,023,300 Hz,High,Select,5 kHz,Off,VHF Simplex,
86,147.53000,147.53000, ,Simplex,FM,2M-7530,Large,None,100.0 Hz,023,300 Hz,High,Select,5 kHz,Off,VHF Simplex,
87,147.53500,147.53500, ,Simplex,FM,2M-7535,Large,None,100.0 Hz,023,300 Hz,High,Select,5 kHz,Off,VHF Simplex,
88,147.54000,147.54000, ,Simplex,FM,2M-7540,Large,None,100.0 Hz,023,300 Hz,High,Select,5 kHz,Off,VHF Simplex,
89,147.54500,147.54500, ,Simplex,FM,2M-7545,Large,None,100.0 Hz,023,300 Hz,High,Select,5 kHz,Off,VHF Simplex,
90,147.55000,147.55000, ,Simplex,FM,2M-7550,Large,None,100.0 Hz,023,300 Hz,High,Select,5 kHz,Off,VHF Simplex,
91,147.55500,147.55500, ,Simplex,FM,2M-7555,Large,None,100.0 Hz,023,300 Hz,High,Select,5 kHz,Off,VHF Simplex,
92,147.56000,147.56000, ,Simplex,FM,2M-7560,Large,None,100.0 Hz,023,300 Hz,High,Select,5 kHz,Off,VHF Simplex,
93,147.56500,147.56500, ,Simplex,FM,2M-7565,Large,None,100.0 Hz,023,300 Hz,High,Select,5 kHz,Off,VHF Simplex,
94,147.57000,147.57000, ,Simplex,FM,2M-7570,Large,None,100.0 Hz,023,300 Hz,High,Select,5 kHz,Off,VHF Simplex,
96,432.10000,432.10000, ,Simplex,FM,UHF-CALL,Large,None,100.0 Hz,023,300 Hz,High,Select,5 kHz,Off,UHF Calling Frequency,
97,446.00000,446.00000, ,Simplex,FM,UHF-6000,Large,None,100.0 Hz,023,300 Hz,High,Select,5 kHz,Off,UHF Simplex,
99,145.78500,145.78500, ,Simplex,FM,CFARC-1,Large,None,100.0 Hz,023,300 Hz,High,Select,5 kHz,Off,CFARC VHF Simplex Event Frequency (PRIMARY),
100,147.52500,147.52500, ,Simplex,FM,CFARC-2,Large,None,100.0 Hz,023,300 Hz,High,Select,5 kHz,Off,CFARC VHF Simplex Event Frequency (SECONDARY),
101,147.58500,147.58500, ,Simplex,FM,CFARC-3,Large,None,100.0 Hz,023,300 Hz,High,Select,5 kHz,Off,CFARC VHF Simplex Event Frequency (TERTIARY),
103,145.17000,144.57000,600 kHz,Minus,FM,W8UPD,Large,None,88.5 Hz,023,300 Hz,High,Select,5 kHz,Off,Summit Co. - Akron - Summit Co. Skywarn (Secondary) - University of Akron A.R.C.,
104,145.25000,144.65000,600 kHz,Minus,FM,K8KSW,Large,None,88.5 Hz,023,300 Hz,High,Select,5 kHz,Off,Summit Co. - Hudson,
105,146.61000,146.01000,600 kHz,Minus,FM,W8CTT,Large,Tone,110.9 Hz,023,300 Hz,High,Select,5 kHz,Off,Summit Co. - Akron - Pioneer A.R. Fellowship,
106,146.64000,146.04000,600 kHz,Minus,FM,WB8DJP,Large,None,88.5 Hz,023,300 Hz,High,Select,5 kHz,Off,Summit Co. - Akron - Community A.R. Service,
107,146.68500,146.08500,600 kHz,Minus,FM,WA8DBW,Large,Tone,110.9 Hz,023,300 Hz,High,Select,5 kHz,Off,Summit Co. - Norton,
108,146.98500,146.38500,600 kHz,Minus,FM,N8DXE,Large,None,88.5 Hz,023,300 Hz,High,Select,5 kHz,Off,Summit Co. - Tallmadge - DX Engineering,
109,147.09000,147.69000,600 kHz,Plus,FM,WB8OVQ,Large,None,88.5 Hz,023,300 Hz,High,Select,5 kHz,Off,Summit Co. - Barberton,
110,147.13500,147.73500,600 kHz,Plus,FM,W8CTT,Large,None,88.5 Hz,023,300 Hz,High,Select,5 kHz,Off,Summit Co. - Akron - Pioneer A.R. Fellowship,
111,147.24000,147.84000,600 kHz,Plus,FM,WD8MJS,Large,None,88.5 Hz,023,300 Hz,High,Select,5 kHz,Off,Summit Co. - Cuyahoga Falls - Independent R.A. of Akron,
112,147.27000,147.87000,600 kHz,Plus,FM,W8VPV,Large,Tone,110.9 Hz,023,300 Hz,High,Select,5 kHz,Off,Summit Co. - Cuyahoga Falls - Summit Co. Skywarn (Primary) - CFARC,
113,147.30000,147.90000,600 kHz,Plus,FM,WB8HFZ,Large,Tone,110.9 Hz,023,300 Hz,High,Select,5 kHz,Off,Summit Co. - Akron,
114,147.33000,147.93000,600 kHz,Plus,FM,WB8CXO,Large,Tone,110.9 Hz,023,300 Hz,High,Select,5 kHz,Off,Summit Co. - Munroe Falls - Akron Communications Association,
116,145.39000,144.79000,600 kHz,Minus,FM,KB8ZHP,Large,None,88.5 Hz,023,300 Hz,High,Select,5 kHz,Off,Portage Co. - Ravenna,
117,146.89500,146.29500,600 kHz,Minus,FM,K8IV,Large,Tone,110.9 Hz,023,300 Hz,High,Select,5 kHz,Off,Portage Co. - Rootstown - EchoLink=508081,
119,145.11000,144.51000,600 kHz,Minus,FM,W0OZZ,Large,Tone,110.9 Hz,023,300 Hz,High,Select,5 kHz,Off,Stark Co. - Canton,
120,145.37000,144.77000,600 kHz,Minus,FM,W8LKY,Large,None,88.5 Hz,023,300 Hz,High,Select,5 kHz,Off,Stark Co. - Alliance - Alliance A.R.C. - EchoLink=811710,
121,145.45000,144.85000,600 kHz,Minus,FM,WD8BIW,Large,Tone,110.9 Hz,023,300 Hz,High,Select,5 kHz,Off,Stark Co. - Uniontown,
122,145.49000,144.89000,600 kHz,Minus,FM,W8TUY,Large,None,88.5 Hz,023,300 Hz,High,Select,5 kHz,Off,Stark Co. - Canton,
123,146.79000,146.19000,600 kHz,Minus,FM,W8AL,Large,Tone,141.3 Hz,023,300 Hz,High,Select,5 kHz,Off,Stark Co. - Canton - Canton A.R.C. - Yaesu Fusion System Mixed Mode,
124,146.95500,146.35500,600 kHz,Minus,FM,WB8HHP,Large,Tone,110.9 Hz,023,300 Hz,High,Select,5 kHz,Off,Stark Co. - Massillon,
125,147.12000,147.72000,600 kHz,Plus,FM,N8ATZ,Large,Tone,110.9 Hz,023,300 Hz,High,Select,5 kHz,Off,Stark Co. - Canton - Mercy Medical Center - Yaesu Fusion System Mixed Mode,
126,147.18000,147.78000,600 kHz,Plus,FM,W8NP,Large,Tone,110.9 Hz,023,300 Hz,High,Select,5 kHz,Off,Stark Co. - Massillon - Massillon A.R.C. - Yaesu Fusion System Mixed Mode,
128,145.15000,144.55000,600 kHz,Minus,FM,K8KRG,Large,Tone,110.9 Hz,023,300 Hz,High,Select,5 kHz,Off,Cuyahoga Co. - North Royalton - NOARS,
129,145.21000,144.61000,600 kHz,Minus,FM,N8CHM,Large,Tone,110.9 Hz,023,300 Hz,High,Select,5 kHz,Off,Cuyahoga Co. - Euclid,
130,145.31000,144.71000,600 kHz,Minus,FM,WA8Q,Large,Tone,110.9 Hz,023,300 Hz,High,Select,5 kHz,Off,Cuyahoga Co. - Parma - Woodchuck A.R.C.,
131,145.41000,144.81000,600 kHz,Minus,FM,KB8WLW,Large,Tone,110.9 Hz,023,300 Hz,High,Select,5 kHz,Off,Cuyahoga Co. - Parma - EchoLink=146520,
132,145.43000,144.83000,600 kHz,Minus,FM,AB8Z,Large,Tone,186.2 Hz,023,300 Hz,High,Select,5 kHz,Off,Cuyahoga Co. - Parma,
133,146.76000,146.16000,600 kHz,Minus,FM,WR8ABC,Large,Tone,110.9 Hz,023,300 Hz,High,Select,5 kHz,Off,Cuyahoga Co. - Highland Hills - Lake Erie A.R.A.,
134,146.79000,146.19000,600 kHz,Minus,FM,N8APU,Large,Tone,88.5 Hz,023,300 Hz,High,Select,5 kHz,Off,Cuyahoga Co. - South Euclid - Heights East Repeater Org.,
135,146.82000,146.22000,600 kHz,Minus,FM,K8ZFR,Large,Tone,110.9 Hz,023,300 Hz,High,Select,5 kHz,Off,Cuyahoga Co. - Parma - Cuyahoga A.R.S. (CARS),
136,146.88000,146.28000,600 kHz,Minus,FM,WR8ABC,Large,Tone,110.9 Hz,023,300 Hz,High,Select,5 kHz,Off,Cuyahoga Co. - Lakewood - Lake Erie A.R.A. - IRLP=4282,
137,147.19500,147.79500,600 kHz,Plus,FM,NA8SA,Large,Tone,110.9 Hz,023,300 Hz,High,Select,5 kHz,Off,Cuyahoga Co. - Cleveland - NASA Glenn A.R.C.,
138,147.36000,147.96000,600 kHz,Plus,FM,W8DXA,Large,Tone,107.2 Hz,023,300 Hz,High,Select,5 kHz,Off,Cuyahoga Co. - North Royalton - North Ohio DX Association,
140,146.73000,146.13000,600 kHz,Minus,FM,W8ZX (1),Large,Tone,71.9 Hz,023,300 Hz,High,Select,5 kHz,Off,Tuscarawas Co. - Stone Creek,
141,146.92500,146.32500,600 kHz,Minus,FM,W8ZX (2),Large,Tone,71.9 Hz,023,300 Hz,High,Select,5 kHz,Off,Tuscarawas Co. - Sugarcreek,
143,442.42500,447.42500,5.00 MHz,Plus,FM,AF1K,Large,Tone,131.8 Hz,023,300 Hz,High,Select,5 kHz,Off,Summit Co. - Stow,
144,442.55000,447.55000,5.00 MHz,Plus,FM,N8CPI,Large,Tone,131.8 Hz,023,300 Hz,High,Select,5 kHz,Off,Summit Co. - Richfield,
145,442.57500,447.57500,5.00 MHz,Plus,FM,W8MBF,Large,None,88.5 Hz,023,300 Hz,High,Select,5 kHz,Off,Summit Co. - Norton - Amish/NERT,
146,442.60000,447.60000,5.00 MHz,Plus,FM,WD8MDF,Large,Tone,131.8 Hz,023,300 Hz,High,Select,5 kHz,Off,Summit Co. - Akron - Yaesu Fusion System,
147,443.11250,448.11250,5.00 MHz,Plus,FM,W8UPD,Large,Tone,131.8 Hz,023,300 Hz,High,Select,5 kHz,Off,Summit Co. - Akron - University of Akron A.R.C.,
148,443.47500,448.47500,5.00 MHz,Plus,FM,K8COM,Large,None,88.5 Hz,023,300 Hz,High,Select,5 kHz,Off,Summit Co. - Hudson - Western Reserve A.R.G.,
149,443.75000,448.75000,5.00 MHz,Plus,FM,N8NOQ,Large,Tone,131.8 Hz,023,300 Hz,High,Select,5 kHz,Off,Summit Co. - Fairlawn,
150,443.78750,448.78750,5.00 MHz,Plus,FM,W8DFA,Large,None,88.5 Hz,023,300 Hz,High,Select,5 kHz,Off,Summit Co. - Cuyahoga Falls,
151,443.92500,448.92500,5.00 MHz,Plus,FM,KA8JOY,Large,Tone,131.8 Hz,023,300 Hz,High,Select,5 kHz,Off,Summit Co. - Richfield,
152,444.00000,449.00000,5.00 MHz,Plus,FM,WD8KNL,Large,None,88.5 Hz,023,300 Hz,High,Select,5 kHz,Off,Summit Co. - Norton,
153,444.42500,449.42500,5.00 MHz,Plus,FM,WA8DBW,Large,None,88.5 Hz,023,300 Hz,High,Select,5 kHz,Off,Summit Co. - Richfield - Field Repeater Association,
154,444.48750,449.48750,5.00 MHz,Plus,FM,KC8MXW,Large,None,88.5 Hz,023,300 Hz,High,Select,5 kHz,Off,Summit Co. - Mogadore - EchoLink=969323,
155,444.85000,449.85000,5.00 MHz,Plus,FM,W8VPV(2),Large,Tone,110.9 Hz,023,300 Hz,High,Select,5 kHz,Off,Summit Co. - Cuyahoga Falls - CFARC,
157,442.02500,447.02500,5.00 MHz,Plus,FM,N8BHU,Large,Tone,131.8 Hz,023,300 Hz,High,Select,5 kHz,Off,Portage Co. - Kent,
158,442.87500,447.87500,5.00 MHz,Plus,FM,KB8ZHP,Large,None,88.5 Hz,023,300 Hz,High,Select,5 kHz,Off,Portage Co. - Ravenna,
159,444.30000,449.30000,5.00 MHz,Plus,FM,N8BHU,Large,Tone,131.8 Hz,023,300 Hz,High,Select,5 kHz,Off,Portage Co. - Kent,
161,442.00000,447.00000,5.00 MHz,Plus,FM,WB8OVQ,Large,None,88.5 Hz,023,300 Hz,High,Select,5 kHz,Off,Stark Co. - Uniontown,
162,442.07500,447.07500,5.00 MHz,Plus,FM,N8GNO,Large,Tone,131.8 Hz,023,300 Hz,High,Select,5 kHz,Off,Stark Co. - Canton,
163,442.20000,447.20000,5.00 MHz,Plus,FM,KC8ONY,Large,None,88.5 Hz,023,300 Hz,High,Select,5 kHz,Off,Stark Co. - Waynesburg,
164,442.85000,447.85000,5.00 MHz,Plus,FM,W8NP,Large,Tone,131.8 Hz,023,300 Hz,High,Select,5 kHz,Off,Stark Co. - Massillon - Massilon A.R.C. - Yaesu Fusion System Mixed Mode,
165,443.37500,448.37500,5.00 MHz,Plus,FM,KB8LWP,Large,None,88.5 Hz,023,300 Hz,High,Select,5 kHz,Off,Stark Co. - Canton,
166,443.67500,448.67500,5.00 MHz,Plus,FM,WA8GXM,Large,D Code,88.5 Hz,023,300 Hz,High,Select,5 kHz,Off,Stark Co. - Massillon - Yaesu Fusion System,
167,443.85000,448.85000,5.00 MHz,Plus,FM,W8TUY,Large,None,88.5 Hz,023,300 Hz,High,Select,5 kHz,Off,Stark Co. - Canton,
168,443.95000,448.95000,5.00 MHz,Plus,FM,KB8VAS,Large,None,88.5 Hz,023,300 Hz,High,Select,5 kHz,Off,Stark Co. - Louisville,
169,443.97500,448.97500,5.00 MHz,Plus,FM,WB8AVD,Large,None,88.5 Hz,023,300 Hz,High,Select,5 kHz,Off,Stark Co. - North Canton,
170,444.57500,449.57500,5.00 MHz,Plus,FM,N8EOO,Large,Tone,131.8 Hz,023,300 Hz,High,Select,5 kHz,Off,Stark Co. - Canton,
172,442.05000,447.05000,5.00 MHz,Plus,FM,WD8RVK,Large,None,88.5 Hz,023,300 Hz,High,Select,5 kHz,Off,Cuyahoga Co. - Brookpark,
173,442.12500,447.12500,5.00 MHz,Plus,FM,WX8CLE,Large,Tone,82.5 Hz,023,300 Hz,High,Select,5 kHz,Off,Cuyahoga Co. - Cleveland - Weather Alert Radio Network (CLEWARN),
174,442.22500,447.22500,5.00 MHz,Plus,FM,KB8WLW,Large,Tone,131.8 Hz,023,300 Hz,High,Select,5 kHz,Off,Cuyahoga Co. - Parma,
175,442.45000,447.45000,5.00 MHz,Plus,FM,KB8WLW,Large,Tone,131.8 Hz,023,300 Hz,High,Select,5 kHz,Off,Cuyahoga Co. - Parma,
176,442.65000,447.65000,5.00 MHz,Plus,FM,K8IIU,Large,None,88.5 Hz,023,300 Hz,High,Select,5 kHz,Off,Cuyahoga Co. - Brecksville - Brecksville Amateur Radio Federation,
177,442.77500,447.77500,5.00 MHz,Plus,FM,KF8YK,Large,DCS,88.5 Hz,464,300 Hz,High,Select,5 kHz,Off,Cuyahoga Co. - Cleveland - Weather Alert Radio Network (CLEWARN),
178,443.12500,448.12500,5.00 MHz,Plus,FM,N8LXM,Large,Tone,131.8 Hz,023,300 Hz,High,Select,5 kHz,Off,Cuyahoga Co. - Brookpark,
179,443.15000,448.15000,5.00 MHz,Plus,FM,K8SCI,Large,Tone,131.8 Hz,023,300 Hz,High,Select,5 kHz,Off,Cuyahoga Co. - North Royalton - North Coast A.R.C.,
180,443.82500,448.82500,5.00 MHz,Plus,FM,K8ZFR,Large,Tone,131.8 Hz,023,300 Hz,High,Select,5 kHz,Off,Cuyahoga Co. - Parma - Cuyahoga A.R.S. (CARS),
181,443.90000,448.90000,5.00 MHz,Plus,FM,WA8CEW,Large,None,88.5 Hz,023,300 Hz,High,Select,5 kHz,Off,Cuyahoga Co. - North Royalton - North Coast A.R.C.,
182,444.01250,449.01250,5.00 MHz,Plus,FM,W8IZ,Large,Tone,131.8 Hz,023,300 Hz,High,Select,5 kHz,Off,Cuyahoga Co. - North Olmsted,
183,444.05000,449.05000,5.00 MHz,Plus,FM,W8DRZ,Large,Tone,131.8 Hz,023,300 Hz,High,Select,5 kHz,Off,Cuyahoga Co. - Parma - WJW Tower,
184,444.07500,449.07500,5.00 MHz,Plus,FM,K8YSE,Large,Tone,131.8 Hz,023,300 Hz,High,Select,5 kHz,Off,Cuyahoga Co. - North Royalton - EchoLink=6563,
185,444.10000,449.10000,5.00 MHz,Plus,FM,NA8SA,Large,None,88.5 Hz,023,300 Hz,High,Select,5 kHz,Off,Cuyahoga Co. - Cleveland - NASA Glenn A.R.C.,
186,444.27500,449.27500,5.00 MHz,Plus,FM,WB8INY,Large,Tone,94.8 Hz,023,300 Hz,High,Select,5 kHz,Off,Cuyahoga Co. - Cleveland,
187,444.35000,449.35000,5.00 MHz,Plus,FM,N8OOF,Large,Tone,131.8 Hz,023,300 Hz,High,Select,5 kHz,Off,Cuyahoga Co. - Cleveland - Ohio Bureau of Emergency Services,
188,444.40000,449.40000,5.00 MHz,Plus,FM,WR8ABC,Large,Tone,131.8 Hz,023,300 Hz,High,Select,5 kHz,Off,Cuyahoga Co. - Macedonia,
189,444.45000,449.45000,5.00 MHz,Plus,FM,W8QV,Large,Tone,131.8 Hz,023,300 Hz,High,Select,5 kHz,Off,Cuyahoga Co. - Parma - Amateur Radio Aquare Club,
190,444.70000,449.70000,5.00 MHz,Plus,FM,WR8ABC,Large,Tone,131.8 Hz,023,300 Hz,High,Select,5 kHz,Off,Cuyahoga Co. - Lakewood - Lake Erie A.R.A.,
191,444.75000,449.75000,5.00 MHz,Plus,FM,K8ZFR,Large,None,88.5 Hz,023,300 Hz,High,Select,5 kHz,Off,Cuyahoga Co. - Shaker Heights - Cuyahoga A.R.S. (CARS),
192,444.90000,449.90000,5.00 MHz,Plus,FM,W8CJB,Large,Tone,131.8 Hz,023,300 Hz,High,Select,5 kHz,Off,Cuyahoga Co. - Parma - Western Reserve R.A.,
194,443.50000,448.50000,5.00 MHz,Plus,FM,K8CQA,Large,None,88.5 Hz,023,300 Hz,High,Select,5 kHz,Off,Tuscarawas Co. - Uhrichsville,
196,145.11000,144.51000,600 kHz,Minus,FM,N1ZGK,Large,Tone,100.0 Hz,023,300 Hz,High,Skip,5 kHz,Off,NH - Berlin,
197,145.31000,144.71000,600 kHz,Minus,FM,N1TZE,Large,Tone,88.5 Hz,023,300 Hz,High,Skip,5 kHz,Off,NH - Moultonborough,
198,145.37000,144.77000,600 kHz,Minus,FM,N1PCE,Large,Tone,114.8 Hz,023,300 Hz,High,Skip,5 kHz,Off,NH - Whitefield,
199,145.45000,144.85000,600 kHz,Minus,FM,W1MWV,Large,Tone,100.0 Hz,023,300 Hz,High,Skip,5 kHz,Off,NH - North Conway - Mt Cranmore,
200,146.65500,146.05500,600 kHz,Minus,FM,W1NH,Large,Tone,100.0 Hz,023,300 Hz,High,Skip,5 kHz,Off,NH - Gorham - Mt Washington,
201,147.03000,147.63000,600 kHz,Plus,FM,W1BST,Large,Tone,88.5 Hz,023,300 Hz,High,Skip,5 kHz,Off,NH - Ossipee,
202,147.07500,147.67500,600 kHz,Plus,FM,N1ATV,Large,None,88.5 Hz,023,300 Hz,High,Skip,5 kHz,Off,NH - Ossipee - DMR,
203,147.25500,147.85500,600 kHz,Plus,FM,N1EMS,Large,Tone,156.7 Hz,023,300 Hz,High,Skip,5 kHz,Off,NH - Moultonborough,
204,147.39000,147.99000,600 kHz,Plus,FM,W1JY,Large,Tone,123.0 Hz,023,300 Hz,High,Skip,5 kHz,Off,NH - Moultonborough - Red Hill - EchoLink=147390,
205,447.67500,442.67500,5.00 MHz,Minus,FM,K1JY,Large,Tone,88.5 Hz,023,300 Hz,High,Skip,5 kHz,Off,NH - Jackson - Mt. Kearsarge,
206,448.22500,443.22500,5.00 MHz,Minus,FM,WA1PBJ,Large,Tone,88.5 Hz,023,300 Hz,High,Skip,5 kHz,Off,NH - Berlin - Mt Washington,
207,448.97500,443.97500,5.00 MHz,Minus,FM,W1NH,Large,Tone,141.3 Hz,023,300 Hz,High,Skip,5 kHz,Off,NH - Berlin - Mt Washington,
208,449.82500,444.82500,5.00 MHz,Minus,FM,N1PCE,Large,Tone,82.5 Hz,023,300 Hz,High,Skip,5 kHz,Off,NH - Whitefield,
210,145.16000,144.56000,600 kHz,Minus,FM,W4PLB,Large,None,88.5 Hz,023,300 Hz,High,Skip,5 kHz,Off,FL - Sanford - DStar,
211,146.80500,146.20500,600 kHz,Minus,FM,N4EH,Large,Tone,103.5 Hz,023,300 Hz,High,Skip,5 kHz,Off,FL - Sanford - Yaesu Fusion System Mixed Mode,
212,147.01500,147.61500,600 kHz,Plus,FM,N4UMB,Large,Tone,103.5 Hz,023,300 Hz,High,Skip,5 kHz,Off,FL - Apopka,
213,147.04500,147.64500,600 kHz,Plus,FM,KW4LCB,Large,Tone,103.5 Hz,023,300 Hz,High,Skip,5 kHz,Off,FL - Orange City - EchoLink=369183,
214,147.09000,147.69000,600 kHz,Plus,FM,N1FL,Large,Tone,103.5 Hz,023,300 Hz,High,Skip,5 kHz,Off,FL - Altamonte Springs,
215,147.16500,147.76500,600 kHz,Plus,FM,N1FL,Large,Tone,103.5 Hz,023,300 Hz,High,Skip,5 kHz,Off,FL - Chuluota,
216,147.28500,147.88500,600 kHz,Plus,FM,N4EH,Large,Tone,103.5 Hz,023,300 Hz,High,Skip,5 kHz,Off,FL - Altamonte Springs - Yaesu Fusion System Mixed Mode,
217,147.31500,147.91500,600 kHz,Plus,FM,WV4ARS,Large,None,88.5 Hz,023,300 Hz,High,Skip,5 kHz,Off,FL - DeLand - EchoLink=80113,
218,442.30000,447.30000,5.00 MHz,Plus,FM,W4PLB,Large,None,88.5 Hz,023,300 Hz,High,Skip,5 kHz,Off,FL - Sanford - DStar,
219,442.52500,447.52500,5.00 MHz,Plus,FM,W4MCO,Large,Tone,103.5 Hz,023,300 Hz,High,Skip,5 kHz,Off,FL - Winter Park - P25 Mixed Mode,
220,442.75000,447.75000,5.00 MHz,Plus,FM,N1FL,Large,Tone,103.5 Hz,023,300 Hz,High,Skip,5 kHz,Off,FL - Altamonte Springs,
221,442.80000,448.80000,6.00 MHz,Plus,FM,AG4YD,Large,Tone,103.5 Hz,023,300 Hz,High,Skip,5 kHz,Off,FL - Maitland,
222,442.92500,447.92500,5.00 MHz,Plus,FM,KW4LCB,Large,Tone,103.5 Hz,023,300 Hz,High,Skip,5 kHz,Off,FL - Orange City - EchoLink=369183,
223,442.97500,447.97500,5.00 MHz,Plus,FM,N4EH,Large,Tone,103.5 Hz,023,300 Hz,High,Skip,5 kHz,Off,FL - Altamonte Springs - Yaesu Fusion System Mixed Mode,
224,443.18750,448.18750,5.00 MHz,Plus,FM,KK4CQQ,Large,None,88.5 Hz,023,300 Hz,High,Skip,5 kHz,Off,FL - Sanford - DStar,
225,443.37500,448.37500,5.00 MHz,Plus,FM,K4UCF,Large,Tone,103.5 Hz,023,300 Hz,High,Skip,5 kHz,Off,FL - Orlando,
226,444.25000,449.25000,5.00 MHz,Plus,FM,NP4ND,Large,Tone,103.5 Hz,023,300 Hz,High,Skip,5 kHz,Off,FL - Deltona,
227,448.65000,443.65000,5.00 MHz,Minus,FM,KJ4NHF,Large,None,88.5 Hz,023,300 Hz,High,Skip,5 kHz,Off,FL - Sanford - DStar,
229,145.16000,144.56000,600 kHz,Minus,FM,K1MRA,Large,None,88.5 Hz,023,300 Hz,High,Skip,5 kHz,Off,MA - Brookline - DStar,
230,145.21000,144.61000,600 kHz,Minus,FM,KB1BEM,Large,None,88.5 Hz,023,300 Hz,High,Skip,5 kHz,Off,MA - Boston - EchoLink=638763,
231,145.23000,144.63000,600 kHz,Minus,FM,W1BOS,Large,Tone,88.5 Hz,023,300 Hz,High,Skip,5 kHz,Off,MA - Boston,
232,145.31000,144.71000,600 kHz,Minus,FM,W1KBN,Large,Tone,123.0 Hz,023,300 Hz,High,Skip,5 kHz,Off,MA - Boston,
233,145.43000,144.83000,600 kHz,Minus,FM,W1MRA,Large,Tone,146.2 Hz,023,300 Hz,High,Skip,5 kHz,Off,MA - Belmont,
234,146.67000,146.07000,600 kHz,Minus,FM,W1BRI,Large,Tone,146.2 Hz,023,300 Hz,High,Skip,5 kHz,Off,MA - Quincy,
235,146.74500,146.14500,600 kHz,Minus,FM,K1BFD,Large,Tone,146.2 Hz,023,300 Hz,High,Skip,5 kHz,Off,MA - Canton - EchoLink=375668 IRLP=4632,
236,146.82000,146.22000,600 kHz,Minus,FM,K1BOS,Large,Tone,127.3 Hz,023,300 Hz,High,Skip,5 kHz,Off,MA - Boston - IRLP=4133,
237,146.86500,146.26500,600 kHz,Minus,FM,K1CNX,Large,Tone,146.2 Hz,023,300 Hz,High,Skip,5 kHz,Off,MA - Sharon,
238,146.98500,146.38500,600 kHz,Minus,FM,K1DVD,Large,Tone,88.5 Hz,023,300 Hz,High,Skip,5 kHz,Off,MA - Brookline - EchoLink=4942 IRLP=4942,
239,147.30000,147.90000,600 kHz,Plus,FM,N1BGT,Large,None,88.5 Hz,023,300 Hz,High,Skip,5 kHz,Off,MA - Weymouth,
240,147.34500,147.94500,600 kHz,Plus,FM,W1SSH,Large,Tone,110.9 Hz,023,300 Hz,High,Skip,5 kHz,Off,MA - Weymouth - South Shore Hospital - Yaesu Fusion System Mixed Mode,
241,442.50000,447.50000,5.00 MHz,Plus,FM,AE1TH,Large,Tone,118.8 Hz,023,300 Hz,High,Skip,5 kHz,Off,MA - Braintree - IRLP=4086,
242,444.70000,449.70000,5.00 MHz,Plus,FM,W1KRU,Large,Tone,88.5 Hz,023,300 Hz,High,Skip,5 kHz,Off,MA - Boston,
243,446.32500,441.32500,5.00 MHz,Minus,FM,W1CLA,Large,Tone,146.2 Hz,023,300 Hz,High,Skip,5 kHz,Off,MA - Brookline - EchoLink=4942 IRLP=4942,
244,448.47500,443.47500,5.00 MHz,Minus,FM,KB5JR,Large,None,88.5 Hz,023,300 Hz,High,Skip,5 kHz,Off,MA - Harvard,
245,449.17500,444.17500,5.00 MHz,Minus,FM,W1BOS,Large,None,88.5 Hz,023,300 Hz,High,Skip,5 kHz,Off,MA - Boston - Seaport - DMR,
246,449.42500,444.42500,5.00 MHz,Minus,FM,K1BFD,Large,Tone,88.5 Hz,023,300 Hz,High,Skip,5 kHz,Off,MA - Canton,
247,449.72500,444.72500,5.00 MHz,Minus,FM,W1XM,Large,Tone,114.8 Hz,023,300 Hz,High,Skip,5 kHz,Off,MA - Cambridge - MIT - Green Building,
249,146.62000,146.02000,600 kHz,Minus,FM,W8LAP,Large,Tone,100.0 Hz,023,300 Hz,High,Skip,5 kHz,Off,MI - Lapeer,
250,147.10000,147.70000,600 kHz,Plus,FM,KC8KGZ,Large,Tone,100.0 Hz,023,300 Hz,High,Skip,5 kHz,Off,MI - Flint,
251,147.26000,147.86000,600 kHz,Plus,FM,KC8KGZ,Large,Tone,100.0 Hz,023,300 Hz,High,Skip,5 kHz,Off,MI - Flint,
252,147.34000,147.94000,600 kHz,Plus,FM,W8ACW,Large,Tone,100.0 Hz,023,300 Hz,High,Skip,5 kHz,Off,MI - Flint,
253,147.38000,147.98000,600 kHz,Plus,FM,N8NE,Large,Tone,88.5 Hz,023,300 Hz,High,Skip,5 kHz,Off,MI - Burton,
254,442.75000,447.75000,5.00 MHz,Plus,FM,W8LAP,Large,Tone,123.0 Hz,023,300 Hz,High,Skip,5 kHz,Off,MI - Lapeer,
255,443.40000,448.40000,5.00 MHz,Plus,FM,KB5TOJ,Large,Tone,156.7 Hz,023,300 Hz,High,Skip,5 kHz,Off,MI - Clio,
256,443.80000,448.80000,5.00 MHz,Plus,FM,W8CMN,Large,None,88.5 Hz,023,300 Hz,High,Skip,5 kHz,Off,MI - Flint,
257,444.20000,449.20000,5.00 MHz,Plus,FM,W8ACW,Large,Tone,107.2 Hz,023,300 Hz,High,Skip,5 kHz,Off,MI - Flint,
258,444.37500,449.37500,5.00 MHz,Plus,FM,W8JDE,Large,None,88.5 Hz,023,300 Hz,High,Skip,5 kHz,Off,MI - Clio,
259,444.45000,449.45000,5.00 MHz,Plus,FM,N8JYI,Large,Tone,100.0 Hz,023,300 Hz,High,Skip,5 kHz,Off,MI - Flint,
260,444.60000,449.60000,5.00 MHz,Plus,FM,W8JDE,Large,None,88.5 Hz,023,300 Hz,High,Skip,5 kHz,Off,MI - Flint,
262,436.81000,145.85000, ,Split,FM,AO27+3,Large,Tone,67.0 Hz,023,300 Hz,High,Skip,5 kHz,Off,AO27+3 AOS,
263,436.80500,145.85000, ,Split,FM,AO27+2,Large,Tone,67.0 Hz,023,300 Hz,High,Skip,5 kHz,Off,AO27+2,
264,436.80000,145.85000, ,Split,FM,AO27+1,Large,Tone,67.0 Hz,023,300 Hz,High,Skip,5 kHz,Off,AO27+1,
265,436.79500,145.85000, ,Split,FM,AO27,Large,Tone,67.0 Hz,023,300 Hz,High,Skip,5 kHz,Off,AO27 Directly Overhead,
266,436.79000,145.85000, ,Split,FM,AO27-1,Large,Tone,67.0 Hz,023,300 Hz,High,Skip,5 kHz,Off,AO27-1,
267,436.78500,145.85000, ,Split,FM,AO27-2,Large,Tone,67.0 Hz,023,300 Hz,High,Skip,5 kHz,Off,AO27-2,
268,436.78000,145.85000, ,Split,FM,AO27-3,Large,Tone,67.0 Hz,023,300 Hz,High,Skip,5 kHz,Off,AO27-3 LOS,
270,435.36500,145.88000, ,Split,FM,AO92+3,Large,Tone,67.0 Hz,023,300 Hz,High,Skip,5 kHz,Off,AO92+3 AOS,
271,435.36000,145.88000, ,Split,FM,AO92+2,Large,Tone,67.0 Hz,023,300 Hz,High,Skip,5 kHz,Off,AO92+2,
272,435.35500,145.88000, ,Split,FM,AO92+1,Large,Tone,67.0 Hz,023,300 Hz,High,Skip,5 kHz,Off,AO92+1,
273,435.35000,145.88000, ,Split,FM,AO92,Large,Tone,67.0 Hz,023,300 Hz,High,Skip,5 kHz,Off,AO92 Directly Overhead,
274,435.34500,145.88000, ,Split,FM,AO92-1,Large,Tone,67.0 Hz,023,300 Hz,High,Skip,5 kHz,Off,AO92-1,
275,435.34000,145.88000, ,Split,FM,AO92-2,Large,Tone,67.0 Hz,023,300 Hz,High,Skip,5 kHz,Off,AO92-2,
276,435.33500,145.88000, ,Split,FM,AO92-3,Large,Tone,67.0 Hz,023,300 Hz,High,Skip,5 kHz,Off,AO92-3 LOS,
278,145.89500,435.88000, ,Split,FM,IO86+3,Large,Tone,67.0 Hz,023,300 Hz,High,Skip,5 kHz,Off,IO86+3 AOS,
279,145.89000,435.88000, ,Split,FM,IO86+2,Large,Tone,67.0 Hz,023,300 Hz,High,Skip,5 kHz,Off,IO86+2,
280,145.88500,435.88000, ,Split,FM,IO85+1,Large,Tone,67.0 Hz,023,300 Hz,High,Skip,5 kHz,Off,IO86+1,
281,145.88000,435.88000, ,Split,FM,IO86,Large,Tone,67.0 Hz,023,300 Hz,High,Skip,5 kHz,Off,IO86 Directly Overhead,
282,145.95500,435.88000, ,Split,FM,IO86-1,Large,Tone,67.0 Hz,023,300 Hz,High,Skip,5 kHz,Off,IO86-1,
283,145.95000,435.88000, ,Split,FM,IO86-2,Large,Tone,67.0 Hz,023,300 Hz,High,Skip,5 kHz,Off,IO86-2,
284,145.94500,435.88000, ,Split,FM,IO86-3,Large,Tone,67.0 Hz,023,300 Hz,High,Skip,5 kHz,Off,IO86-3 LOS,
286,145.80000,145.80000, ,Simplex,FM,ISS SSTV,Large,None,67.0 Hz,023,300 Hz,High,Skip,5 kHz,Off,ISS SSTV,
288,437.81500,145.99000, ,Split,FM,ISS+3,Large,Tone,67.0 Hz,023,300 Hz,High,Skip,5 kHz,Off,ISS+3 AOS,
289,437.81000,145.99000, ,Split,FM,ISS+2,Large,Tone,67.0 Hz,023,300 Hz,High,Skip,5 kHz,Off,ISS+2,
290,437.80500,145.99000, ,Split,FM,ISS+1,Large,Tone,67.0 Hz,023,300 Hz,High,Skip,5 kHz,Off,ISS+1,
291,437.80000,145.99000, ,Split,FM,ISS,Large,Tone,67.0 Hz,023,300 Hz,High,Skip,5 kHz,Off,ISS (FM Repeater Worldwide) - Use ISS as a Repeater,
292,437.79500,145.99000, ,Split,FM,ISS-1,Large,Tone,67.0 Hz,023,300 Hz,High,Skip,5 kHz,Off,ISS-1,
293,437.79000,145.99000, ,Split,FM,ISS-2,Large,Tone,67.0 Hz,023,300 Hz,High,Skip,5 kHz,Off,ISS-2,
294,437.78500,145.99000, ,Split,FM,ISS-3,Large,Tone,67.0 Hz,023,300 Hz,High,Skip,5 kHz,Off,ISS-3 LOS,
296,145.81500,144.49000, ,Split,FM,ISSA+3,Large,None,67.0 Hz,023,300 Hz,High,Skip,5 kHz,Off,ISSA+3 AOS,
297,145.81000,144.49000, ,Split,FM,ISSA+2,Large,None,67.0 Hz,023,300 Hz,High,Skip,5 kHz,Off,ISSA+2,
298,145.80500,144.49000, ,Split,FM,ISSA+1,Large,None,67.0 Hz,023,300 Hz,High,Skip,5 kHz,Off,ISSA+1,
299,145.80000,144.49000, ,Split,FM,ISSA,Large,None,67.0 Hz,023,300 Hz,High,Skip,5 kHz,Off,ISSA (FM Voice ITU Region 2&3) - Talk to the Astronauts,
300,145.79500,144.49000, ,Split,FM,ISSA-1,Large,None,67.0 Hz,023,300 Hz,High,Skip,5 kHz,Off,ISSA-1,
301,145.79000,144.49000,1.30 MHz,Minus,FM,ISSA-2,Large,None,67.0 Hz,023,300 Hz,High,Skip,5 kHz,Off,ISSA-2,
302,145.78500,149.49000, ,Split,FM,ISSA-3,Large,None,67.0 Hz,023,300 Hz,High,Skip,5 kHz,Off,ISSA-3 LOS,
304,437.21500,144.35000, ,Split,FM,LILAC2+3,Large,None,67.0 Hz,023,300 Hz,High,Skip,5 kHz,Off,Lilac2+3 AOS,
305,437.21000,144.35000, ,Split,FM,LILAC2+2,Large,None,67.0 Hz,023,300 Hz,High,Skip,5 kHz,Off,Lilac2+2,
306,437.20500,144.35000, ,Split,FM,LILAC2+1,Large,None,67.0 Hz,023,300 Hz,High,Skip,5 kHz,Off,Lilac2+1,
307,437.20000,144.35000, ,Split,FM,LILAC2,Large,None,67.0 Hz,023,300 Hz,High,Skip,5 kHz,Off,Lilac2 Directly Overhead,
308,437.19500,144.35000, ,Split,FM,LILAC2-1,Large,None,67.0 Hz,023,300 Hz,High,Skip,5 kHz,Off,Lilac2-1,
309,437.19000,144.35000, ,Split,FM,LILAC2-2,Large,None,67.0 Hz,023,300 Hz,High,Skip,5 kHz,Off,Lilac2-2,
310,437.18500,144.35000, ,Split,FM,LILAC2-3,Large,None,67.0 Hz,023,300 Hz,High,Skip,5 kHz,Off,Lilac2-3 LOS,
312,436.81000,145.85000, ,Split,FM,SO50+3,Large,Tone,67.0 Hz,023,300 Hz,High,Skip,5 kHz,Off,SO50+3 AOS,
313,436.80500,145.85000, ,Split,FM,SO50+2,Large,Tone,67.0 Hz,023,300 Hz,High,Skip,5 kHz,Off,SO50+2,
314,436.80000,145.85000, ,Split,FM,SO50+1,Large,Tone,67.0 Hz,023,300 Hz,High,Skip,5 kHz,Off,SO50+1,
315,436.79500,145.85000, ,Split,FM,SO50-ON,Large,Tone,74.4 Hz,023,300 Hz,High,Skip,5 kHz,Off,SO50 - ON - Send 2-Second PL Tone To Wake Up satellite,
316,436.79500,145.85000, ,Split,FM,SO50,Large,Tone,67.0 Hz,023,300 Hz,High,Skip,5 kHz,Off,SO50 Directly Overhead,
317,436.79000,145.85000, ,Split,FM,SO50-1,Large,Tone,67.0 Hz,023,300 Hz,High,Skip,5 kHz,Off,SO50-1,
318,436.78500,145.85000, ,Split,FM,SO50-2,Large,Tone,67.0 Hz,023,300 Hz,High,Skip,5 kHz,Off,SO50-2,
319,436.80000,145.85000, ,Split,FM,SO50-3,Large,Tone,67.0 Hz,023,300 Hz,High,Skip,5 kHz,Off,SO50-3 LOS,
